NOM AUTEURICE,PRENOM AUTEURICE, & La pensée féministe au maghreb ,EXEMPLAIRES,,
ABÉCASSIS,Eliette,9 Histoire Lumineuse ou le bien est le mal,16/24,,
ABIRACHED,Zeina, À cases égales - Des créatrices de BD romandes planchent sur l’égalité,42,,
ABIRACHED,Zeina,10 minutes et 38 secondes dans ce monde étrange,42,,
"ABIRACHED
ENARD","Zeina
Mathias",100 Portraits contre l’état policier,42,,
"ABOUET
OUBRERIE","Marguerite
Clément",19 femmes,42,,
ADAMCZAK,Bini,2 Classeurs d’informations sur l’IVG en Suisse,41,2,
ADAMS,Carol J.,3 rosen gegen grenzen,26,3,
AJAR (Association de jeunes auteurices romand.e.s),Collectif,40 ans de slogans féministes 1970/2010,7,,
AL RUBAEE,Marina,40 LGBT+ qui ont changé le monde,14,,
AL-SABOUNI,Marwa,80000 détenus en 2017 ? Réforme et dérive de l’institution pénitentiaire,36,,
"ALBISTUR
ARMOGATHE","Maïté
Daniel",A bear should know better..And I do #6,21,,
ALDECOA,Josefina R.,A little F’D UP – Why feminism is not a dirty word,24,,
ALDECOA,Josefina R.,A mercy,24,,
"ALESSANDRIN
DAGORN
MEIDANI
RICHARD
TOULZE","Arnaud
Johanna
Anastasia
Gabrielle
Marielle",A quick & easy guide to queer & trans identities,30,,
ALI,Zahra,A quick & easy guide to sex & disability,20,2,
ALKAZAZ,Bachar,Accouchement et douleur : une étude sociologique,29,,
ALLENDE,Isabel,Achtung Mädchen : Fur ein sexismusfreis Bildungswesen,24,,
ALLENDE,Isabel,Acte up : une histoire,24,,
ALLENDE,Isabel ,Actes du séminaire sur la contribution des médias à la promotion de l’égalité entre les femmes et les hommes,24,,
ALLER,Diana,Afrofem,24,,
ALLISON,Dorothy,Afropea – Utopie post-occidentale et post-raciste,38,,
ALMODOVAR,Pedro,"Ah Sissi, il faut souffrir pour être française !",24,,
"ALTAMIMI
DOR
GUÉNIF-SOUILAMAS","Manal
Tal
Nacira","Ail et oignons, du mythe à la gastronomie (Portraits de Botanique 2004)",20,,
AMNESTY INTERNATIONAL,,"Ainsi furent-elles, Destins au féminin",36,,
ANCELE,Pierre-Jean,ainsi soit Olympe de Gouges,17,2,
ANDREWS,A.,Ainsi soit-elle,14,A CONSULTER SUR PLACE,
ANGELOU,Maya,Algérienne 1954-1962,22,,
ANGELOU,Maya,Ali Aarrass,22,,
ANGELOU,Maya,Alle Menschen werden Schwestern,22,,
ANGELOU,Maya,Allegra,22,,
ANGELOU,Maya,"Allemand, guide de conversation pour le voyage",24,,
ANONYME,,Amazona,2,,
ANONYME,,Americanah,8,,
ANONYME,,Anarchafeminismus – Auf den Spuren einer Utopie,8,,
ANONYME,,"Anglais, le guide de conversation Routard",8,,
ANONYME,,Année érotique,10,,
ANONYME,,Anonymous Boy 7# punk homos (1998),14,,
ANONYME,,Apocalypse Bébé,14,,
ANONYME,,Appelez-moi Nathan,15,,
ANONYME,,apprendre à transgresser,18,,
ANONYME,,apprendre à transgresser,42,,
ANONYMOUS BOY,anonymous boy,"Apprendre, si par bonheur",19,,
ANSORGE,Gisèle,Arbres et Arbustes des forêts vaudoises,24,,
ANTICO,Nine,Arrêter une formation professionnelle,42,,
"APP
FAURE-FRAISSE
FRAENKEL
RAUZIER","Corinne
Anne-Marie
Béatrice
Lydie",Art et féminisme,21,,
ARISTOPHANE,,Au foyer de l’inégalité,24,,
ARIYOSHI,Sawako,Au-delà de la pénétration,24,,
ARLETTAZ,Gérald et Silvia,Au-delà du développement – critiques et alternatives latino-américaines,29,,
ASILE LGBT Genève,Collectif,"Au-delà du personnel, pour une transformation politique du personnel (Textes rassemblés par Corinne Monnet et Léo Vidal)",29,,
ATELIERS DE L’ANTÉMONDE,,Autonomie & autodétermination,24,,
ATWOOD,Margaret,Avec le corps qu’elle a…,24,,
AUGIER ,Justine,Avec ou sans sexe,22/36,,
"AZUÉLOS
CHÈVRE","Nour
Mathilde",Avortées clandestines,43,,
AZZEDDINE,Saphia,AYA de Yopougon 1,24,,
AZZEDDINE,Saphia,Baci d’onore et non d’amore,24,,
B.,Alex,Bad feminist,26,,
B.,Rosa,Bad girl,26,,
BA,Mariama,Baise-moi,24,2,
BA,Mariama,Baiser après #METOO – Lettres à nos amants foireux,24,,
BAEZ,Jaon,Balance ton corps – Manifeste pour le droit des femmes à disposer de leurs corps,22,,
BAILLARGEON,Normand,"BALLAST 9 – Tenir tête, fédérer, amorcer",8,,
BAKER,Catherine,Barge,12,,
BAKER,Catherine,Barricades,13,,
BALDWIN,James,Baume du Tigre,16,,
BALDWIN,James,Been there and back to nowhere – Gender in transnational spaces,16,,
BALDWIN,James,Begin at start. Some thoughtson personal liberation and world change,16,,
BALDWIN,James,Beloved,24,,
BALDWIN,James,"Bescherelle, la conjugaison",24,,
BALDWIN,James,"Bescherelle, la grammaire",24,,
BALLAST,Revue,Between the world and me,23,,
BALZERANI,Barbara,Biblioteca de la No-Historia,22,,
BANHOFER,Hademar,Bilgiss,1,,
"BARBA
CATTACIN
ORIS
STOHR","Morena La
Sandro
Michel
Christian",Biographie de la faim,29,,
BARBERY,Muriel,"Black feminist thought – knowledge, consciousness and the politics of empowerment",24,,
BARIL,Alexandre,Black light – Pour une histoire du cinéma noir,2,,
"BARKER
SCHEELE","Meg-John 
Julia",Blood child,2,,
"BARKER
SCHEELE","Meg-John
Julia",Born a crime – Stories from a south african childhood,19,,
BARKI,Irene,Boyfunk Manifesto,22,,
BARMAK,Sarah,break your glass slippers,18,,
"BAROQUE
EANELLI","Fray
Tegan",Brique par brique / Se battre contre la prison et son monde (Belgique 2006-2011),32,,
BATTAGLIOLA,Françoise,Buchette numéro 1,5,,
BATUMIKE,Cikuru,Buchette numéro 2,20,,
BAUER,Josette,Buchette numéro 3,22,,
BEAR,Timmy,Buchette numéro 4,19,,
"BEAUMONT
PARINAUD","Germaine
André",butcher queer (summer 2018),22,,
BEAUREBEC,Bertouille,Butterfly,4,,
"BEAUSSON-DIAGNE
GABIN
GUEYE
HAÏDARA
KHAN
MAÏGA
MARTINS
NGA
POKORA
RICHARD
ROLLAND
SILBERFELD
SOUAGNON
SYLLA
TOURÉ
ZOBDA
","Nadège
Mata
Maïmouna
Eye
Rachel
Aïssa
Sara
Marie-Philomène
Sabine
Firmine
Sonia
Magaajyia
Shirley
Assa
Karidja
France",Bye bye Blondie,20,,
BEAUVOIR,Simone,Bâtir aussi,43,,
BEAUVOIR ,Simone de,Ca rendait mieux dans ma tête,24,,
BEAUVOIR ,Simone de,Cachez ce travail que je ne saurais voir,24,,
BEAUVOIR ,Simone de,"Calais, face à la frontière – Textes et entretiens",24,,
BEAUVOIR ,Simone de,"Caliban et la sorcière – Femmes, corps et accumulation primitive",24,,
BEAUVOIR ,Simone de,Camarade Lune,24,,
"BEAUVOIS
CANTAIS","Delphine
Claire",Camp Trans (2001),41,,
BECHDEL,Alison,"Cantines, précis d’organisation de cuisine collective",19,,
BECHDEL,Alison,Cartographie des militantismes afros en contexte français,19,,
BECHDEL,Alison,Ce que je sais de Vera Candida,19,,
BECHDEL,Alison,Ce qui est affreux dans l’amour,19,,
BECHDEL,Alison,"Ceci est mon sang – Petite histoire des règles, de celles qui les ont et de ceux qui les font",19,,
BECHDEL,Alison,Ceci n’est pas une prison,19,,
BECHDEL,Alison,Celle que je suis,19,,
BECHDEL,Alison,Celles qui attendent,22,,
BECKER,Georges,Century of struggle – The woman’s rights movement in the United States,1,,
BECQUELIN,Louisa,Certains pédés aiment la chatte,10,,
"BÉGAUDEAU
GUILLAR","François
Cécile",Ces hommes qui m’expliquent la vie,6,,
BELISSEN,Patrick,Ces libertés qu’on nous vole,14,,
BELLI,Gioconda,"Ces plantes qui guérissent, la nature au service de notre santé",24,,
"BEMON
BOUDET","Jimmy
Émilie",Champignons,22,,
"BENELLI
ROSENDE","Magdalena
Benelli",Chanson douce,5,,
BENNETT,Brit,chatte frontale #1,16,,
BENOTMAN,Hafed,Chausettes & Cie,13,,
"BERARD
CHANTRAINE","Jean
Gilles",Chavirer,13,,
"BERENI
REVILLARD
CHAUVIN
JAUNAIT","Laure
Anne
Sébastien
Alexandre",Cher corps,21,,
BERTEAUT,Simone,Chicana Power – contested histories of feminism int chicana movement,22,,
BEYALA,Calixthe,"Chroniques alternmondialistes, tisser la toile du soulèvement global",24,,
"BHATTACHARYA
BRENNER
DAVIS
DRUCKER
FARRIS
FEDERICI
FLOYD
GLEESON
GRIFFITHS
LEACOCK
MERTEUIL
RAMAS
REBUCINI
RENAULT","Titti
Johanna
Angela
Peter
Sara
Silvia
Kevin
J.J
K.D
Eleanor B.
Morgane
Maria
Gianfranco
Matthieu",Chroniques de l’occident nomade,25,,
BIEMANN,Ursula,Chroniques d’un enfant du pays,11,,
"BILAT
HAVER
PANDELAKIS
SÖDEBERG
ISAKSSON
BOURLEZ
SCHAAL
KRICHANE
JUBIN
MALBOIS
RISTIC
J.KHAN
PORRET
WILLIS
BOILLAT
E.COLLADO
","Loïse
Gianni
Pia
Eva
Malin
Fabrice
Michèle
Selim
Olivier
Fabienne
Jelena
Salah 
Michel
Louis-Paul
Alain
Mélanie",Chroniques d’une société annoncée,11,,
BILLE,Corinna S.,Chroniques sur le féminisme noir,24,,
"BISILLIAT 
VERSCHUUR","Jeanne 
Christine",Ciels – Le sang des promesses /4,5,,
BLACKBURN,Julia,Citoyen de seconde zone,22,2(1 dans soins et 1 dans Gynécologie parentalité),
BLACKWELl,Maylei,Colette,20,,
"BLAMEY
GREY-WILSON","Marjorie
Christopher",Combien de « sales » féministes faut-il pour changer une ampoule ? Antiféminisme et art contemporain,1,,
BLANCHARD,Véronique,Come out ! Selections from the radical gay liberation newspaper,12,,
"BLÉZAT
DESQUESNES
EL KOTNI
FAURE
FOFANA
DE GUNZBOURG
HERMANN
KINSKI
PERRET","Mathilde
Naïké
Mounia
Nina
Nathy
Hélène
Marie
Nana
Yéléna",Commando culotte – Les dessous du genre et de la pop culture,1/40,,
BLOCH-DANO,Évelyne,Comme un million de papillons noirs,22,,
BOCCHETTI et CUCCIO,Daniele et Giorgio,Comme une volière dans la tête,2,,
"BOCQUET
MULLER","José-Louis
Catel",Comment rendre votre milieu militant plus inclusif pour les personnes neurodivergentes,22,,
"BOCQUET
MULLER","José-Louis
Catel",Comment son  patron tuait les anarchistes,22,,
"BOCQUET
MULLER","José-Louis
Catel",Comment être unE alliéE pour les personnes handicapées et neurodiverses dans les communautés militantes et universitaires,22,,
"BOGGIO ÉWANJÉ-ÉPÉE
MAGLIANI-BELKACEM","Félix
Stella",Como la no-violencia protege al estado,16,,
BOLLI,Michèle,Comprendre la Palestine,10,,
BONSTEIN,Carole,Confidences à Allah,27,,
"BORDIER
KARENSAC
GENTILHOMME
CY
BOISEAU
MEYNET
MALLE
MESSANA
COLLIGNON
MAUREL
GOMEZ
CAROLINE
MATHOU
","Léa

Ève

Marie
Sibylline
Mirion
Anne-Olivia
Daphné
Carole
Lucile
Mademoiselle",Conos como el de la Marta,6,,
BOREL,Xochitl,Conserve and control,6,,
BORNSTEIN,Kate,Contes de Terremer,2,,
BOUAZZOUNI,Nora,Contes à rebours,26,,
BOUCHERIE,Alexia,Contos : Terras de Palavras,15,,
"BOUCQ
WADRE PUNTOUS","Valentine
Amandine",Contre le masculinisme – guide d’autodéfense intellectuelle,29,,
BOURAOUI,Nina,Contre les publicités sexistes,24,,
BOURCIER,Sam,Corps en grève,19,2,
BOURCIER,Sam,"Corps suspect, corps déviant",19,,
BOURCIER,Sam,Corps à coeur coeur à corps,19,,
"BOUSQUET
JAYPEE",Charlotte,Couleur de peau : Miel – Tome 1,2,,
BOUTELDJA,Houria,Couleur de peau : Miel – Tome 2,16,,
"BOUTELDJA
KHIARI",hors d,Couleur de peau : Miel – Tome 3,16,2,
BRAGANCE,Anne,Couleur de peau : Miel – Tome 4,24,,
BRAITHWAITE,Oyinkan,Cours de cuisine,24,,
BRANTENBERG,Gerd,Cours petite fille !,24,,
Brav_a,Zine,Crazy Brave,19,,
BRONTE,Charlotte,CRA : 115 d’hommes séquestrés,24,,
BRUDER,Jessica,Crescono Fiori – Haiku per Palermo,22,,
"BRUGÈRE
LE BLANC","Fabienne
Guillaume",Crime d’honneur,2,,
"BUCHER
HATTAN","Jolanda
Eric",Cris & Cris,11,,
"BUDRY (éd.)
OLLAGNIER","Maryelle
Edmée",Critique de l’organisation du travail,27,,
BUI,Quoc Chaugz8g,Crépuscule du tourment,1,,
"BUNNEL
KUSINITZ","Jacinta
Nathaniel",Culture Slut  Issue #19 (Spring 2009),41,,
BUREAU FÉDÉRAL DE L’ÉGALITÉ ENTRE FEMMES ET HOMMES,Collectif,C’est comme ça que je disparais,29,,
BURI,Rosmarie,C’est le soleil qui m’a brûlée,6,2,
BUTLER,Judith,C’est quoi ton genre ? Cahier de coloriage,2,,
BUTLER,Judith,Danbé,2,,
BUTLER,Octavia E.,Dans les ruines de Homs,16,,
BUTLER,Octavia E.,Dans un gant de fer,24,,
BUTLER,Octavia E.,"Danser au bord du monde – Mots, femmes, territoires",24,,
BUTLER,Octavia E.,Das Deustsche als Männersprache,24,,
C. de KEMPIN,Carmen,Das Diaphragma – Ein sichere Alternative,17,,
CABEZON CAMARA,Gabriela,"De Gaza au Royaume-Unis : la santé mentale n’est pas uniquement un problème médical, elle est politique",24,,
CADECOL Collectif,,De la marge au centre Théorie féministe,13,,
CAHIERS DU GRIF,revue,"De l’ardeur : Histoire de Razan Zaitouneh, avocate syrienne",21,,
CAISNE,Arielle,De l’autre coté,15,,
CANIZALES,Pj,De l’enfant utile à l’enfant précieux,16,,
"CARDI 
PRUVOST","Coline
Geneviève",De l’insulte… aux femmes,32,,
CARDINAL,Marie,demure butchness #5,24,,
CARLES,Émilie,demure butchness (1992),24,,
CAROL OATES,Joyce,Der scharlachrote Gesang,24,,
CARTER,Angela,Derrière la porte,18,,
CARTER,Angela,Des balles et de l’opium,24,,
CARTER,Angela,Des femmes respectables – Classe et genre en milieu populaire,24,,
CASCALES,Béatrice,Des hommes entre les murs – Comment la prison façonne la vie des palestiniens,40,,
CASES REBELLES Collectif,,Des journées entières dans les arbres,13,,
CASSADY,Carolyn,Des princes pas si charmants et autres illusions à dissiper ensemble,24,,
CASTELLANOS,Rosario,Des vies d’oiseaux,24,,
CASTOR,Léa,Deux enfants c’est déjà pas mal,6,,
"CASTRO
ZUTTION","Catherine
Quentin",Devenir ou redevenir femme,2,,
CATHON,,Dialogue avec ma vulve,42,,
CAUSSE ET VEZINET,Rolande et Nane,Dictionnaire bilingue L.S.F./Français,22,,
Cécile,,Dictionnaire critique du féminisme,18,,
CELLINI,Matteo,Dictionnaire critique du sexisme linguistique,6,,
CÉSAIRE,Aimé,"Dictionnaire, La langues des signes, mots et expressions illustrées",16,,
"CESAIRE
DAMAS
DIOP
DIOP
RABEARIVELO
SENGHOR","A.
L.-G.
B.
D.

L. S.",Die Farbe Lila ,16,,
CFDT,Collectif,Dien Chan – Methode multiréflexologique,5,,
CHAMBERS,Becky,Dildos Not Bombs,24,,
CHAPERON,Sylvie,Dildos Not Bombs II,18,,
CHAPONNIÈRE,Martine,Dirty week-end,27,,
"CHAPONNIÈRE
RICCI LEMPEN","Martine
Silvia",Discours sur le colonialisme,21,,
CHARIANDY,David,Disgrazia !,16,,
CHARLAP,Cécile,Domination et violence envers la femme dans le couple,40,,
CHASE-RIBOUD,Barbara,Don’t touch my hair,24,2,
CHATTERJEE,Partha,Dora 1 – Chasseuse de nazis,16,,
CHAUVET,David,Dora 2 – L’année suivante à Bobigny,26,,
"CHEN
DULANI
LAKSHMI PIEZNA-SAMARASINHA","Ching-in
Jai
Leah","Dora 3 – Malenki Sukole, une berceuse polonaise",15,,
CHENU ET MONROY,Audrey et Catherine,"Dora 4 – Amsel, Vogel, Hahn",22,,
"CHOUDER
LATRÈCHE
TEVANIAN","Ismahane
Malika
Pierre",Double lumière,20,,
"CHRISTE
NATCHKOVA
SCHICK
SCHOENI","Sabine
Nora
Manon
Céline",Douze ans d’esclavage,5,,
CISSOKO & DESPLECHIN,Aya & Marie,Droit d’asile,22,,
CIXOUS,Hélène,"Droits des femmes, tout peut disparaître",24,,
COATES,Ta-Nehisi,Droits humains pour tou.te.s,16,,
COATES,Ta-Nehsi,Dryades,16,,
COLETTE,,Du bout des doigts,24,,
Collectif,,Du côté des petites filles,1,,
Collectif,,Du domaine des Murmures,1,,
Collectif,,"Du tac au tac, allemand, 1300 phrases prêtes à l’emploi",1,,
COLLECTIF,,"Du tac au tac, anglais, plus de 1500 phrases prêtes à l’emploi",1,,
COLLECTIF,,Dykes to watch out for – Great romances that never were !,1,,
COLLECTIF,Revue,Dykes to watch out for – More,2,,
COLLECTIF,Santé active et solidaire,"Dykes to watch out for – New, improved !",2,,
COLLECTIF,,Dykes to watch out for – The sequel,2,,
COLLECTIF,,Dykes to watch out for – Unnatural,2,,
Collectif,Ouvrage collectif,"Dykes to watch out for - Hot, Throbbing",3,,
COLLECTIF,Project Úter,Décoloniser le féminisme – Une approche transculturelle,3,,
COLLECTIF,COLLECTIF,Décolonisons les arts !,6,,
COLLECTIF,COLLECTIF,Décris – Ravage – Deuxième épisode : Décrire L’empire ottoman autour de 1830,6,,
COLLECTIF,Gras Politique,"Décris – Ravage – Premier épisode : Décrire L’Égypte, Ravager la Palestine",6,,
Collectif,,Décris – Ravage – Troisième épisode : Décrire et inventer la terre sainte,6,,
COLLECTIF,,"Décréer, procréer, recréer",8,,
COLLECTIF,,Désobéir au sexisme,8,,
COLLECTIF,,D’un pas tranquille,8,,
COLLECTIF,,Ecrits sur l’art et le cinéma,11,,
COLLECTIF,,Egalia’s daughters – A satire of the sexes,11,,
Collectif,,El feminismo es para todo el mundo,12,,
Collectif,À couteaux tirés ,El privilegio cisexual,13,,
COLLECTIF,revue,En catimini...Histoire et communiques des Rote Zora,13,,
COLLECTIF,revue,En direction de la platnète minuit – celle qui s’adresse au peuple blanc,13,,
COLLECTIF,revue,En finir avec le placard : Recueil de textes de prisonnier.e.s politiques LGBT,13,,
COLLECTIF,revue,"En quoi le panafricanisme pourrait-il nous concerner, nous les « Antillais » ?",13,,
COLLECTIF,revue,"Espagnol, guide de conversation pour le voyage",13,,
COLLECTIF,revue,"Espagnol, le mot pour le dire, vocabulaire thématique",13,,
Collectif,,Essai d’épistémologie de l’homophobie (1993),13,,
Collectif,,Et pourtant elles dansent…,13,,
COLLECTIF,,Etica Promiscua,13,,
COLLECTIF,,Eva Luna,13,,
COLLECTIF,Cases Rebelles,Excessives ! Destins de femmes incroyables au XIXème siècle,14,,
COLLECTIF,Revue,"Face à la police, face à la justice : Guide d’autodéfence juridique 2ème édition",14,,
COLLECTIF,Sans Remède,Fag #1 school,14,,
COLLECTIF,Sans Remède,Faiminisme – quand le sexisme passe à table,14,,
COLLECTIF,The Icarus project & Freedom Center,female ejaculation and The G-spot,14,,
COLLECTIF,,"Feminism, femininity and popular culture",14,,
COLLECTIF,Comité des ex-anarchistes aigriEs,Femme Shark communique #1 All our holes are hungry,15,,
COLLECTIF,,"Femme, famille et société : Enquête sociologique sur la situation en Suisse",17,,
COLLECTIF,,Femmes de sable et de myrrhe,17,,
COLLECTIF,,Femmes divorcées et sécurité sociale,17,,
COLLECTIF,,femmes d’Afrique et des Antilles en suisse,17,,
COLLECTIF,,Femmes et Citoyenneté*,17,,
COLLECTIF,,Femmes et travail,17,,
COLLECTIF,,Femmes et étrangères : Contre la double violence / Témoignages et analyses,17,,
COLLECTIF,,Femmes publiques – les féminismes à l’épreuve de la prostitution,17,,
COLLECTIF,,"Femmes qui courent avec les loups, Histoire et mythes de l’archétype de la femme sauvage",17,,
COLLECTIF,,Femmes réfugiées en Suisse,17,,
COLLECTIF,,Femmes sous emprise – les ressorts de la violence dans le couple,17,,
COLLECTIF,,Femmes Suisses au service de la patrie,17,,
COLLECTIF, ,"Femmes, genre et sociétés – l’état des savoirs",18,,
COLLECTIF,Dildos Not Bombs,"Femmes, race et classe",18,,
COLLECTIF,,Femmes : une égalité de droit ,18,,
COLLECTIF,Boyfunk,Fierce Fairytales & other stories to stir your soul,19,,
COLLECTIF,butcher queer,"Fille, femme, autre",19,,
COLLECTIF,chatte frontale,Fin d’éclipse,19,,
COLLECTIF,demure butchness,"Flagrant délit n°12 inégalités, contrôle social, discriminations…",19,,
COLLECTIF,demure butchness,Fleurs sauvages – Un guide pratique pour identifier 140 fleurs,19,,
COLLECTIF,Femzine,Folmagories,19,,
COLLECTIF,Femzine,Forcifugeuse,19,,
COLLECTIF,Going Homo,Fortschritt in Grimmsland,19,,
Collectif,Hétérographe,Forêts – Le sang des promesse /3,19,,
COLLECTIF,Lesbian Avenger/justicière lesbienne,"Fragiles ou contagieuses, le pouvoir médical et le corps des femmes",19,,
COLLECTIF,Mad Kweer,Fragilité blanche – Ce racisme que les blancs ne voient pas,19,,
COLLECTIF,Plan Q,Frauen und Krebs – Vom Umgang mit einer Krankheit,19,,
COLLECTIF,"NAQD Revue d’Études et
de critique sociale",Frauenemanzipation im deutschen Vormärz – Texte und Dokumente,20,,
COLLECTIF,Queerasse,Frauenfragen Männergedanken – Zu Georg Simmels Philosophie und Soziologie der Geschlechter,20,,
COLLECTIF,,Frauengeschichte(n) – Dokumente aus zwei Jahrhunderten zur Situation der Frauen in der Schweiz,22,,
Collectif,,"Frauenstreik – Ein Anfang… Hintergrund, Porträts, Interviews",24,,
Collectif,CIRA,Fugitives,25,,
Collectif,,Fun Home – Une tragicomédie familiale,25,,
Collectif,Brochure,Féminisme et syndicalisme en France,28,,
Collectif,À couteaux tirés n°4,Féminismes islamiques,29,,
Collectif,,"Gender Outlaw – On men, women and the rest of us",29,,
Collectif,,Gender – A graphic guide,29,,
COLLECTIF,,Genre et féminismes au moyen-orient et au maghreb,33,,
COLLECTIF,"Garance, Pauline, Layla, Ma, Aisha, Maude",Genre et jeux vidéo,42,,
Collectif,Hors d’attente,Genre et économie : un premier éclairage,6/40,2,
Collectif (et Carla Rice),,Genres & Classes – L’insurrection généralisée qui détruira les hommes et les femmes,6,,
Collectif CFDT,,Girl Fight,25,,
Collectif de l’internationale des femmes,,"Girl, Woman, other",3,,
COLLECTIF FEMMES EN GRÈVE,Collectif,Girly : Transgender Zine issue 5,27,,
"Collectif laboria Cuboniks
IRLAND
BAUER
HESTER
BURCH
FRASER
REED","
Amy
Diann
Helen
Katarina
Lucca
Patricia",Global critical race – Feminism an international reader,2,,
Collectif Outrans,Brochure,Going Homo #4 the riotous stonewall 25 issue,2,,
Collectif Qui fait la france ?,,GRAB BACK !,16,,
"Collectif textes réunis et annotés par Abdul Kader 
El Janabi",,Grandeur et décadence,16,,
COLLINS,Kathleen,Grands brûlés de la face,20,,
COMBE,T.,Grund zur Aufregung,24,,
"COMITÉ D’ACTION INTERASSOCIATIF « DROIT DES FEMMES, DROIT AU SÉJOUR, CONTRE LA DOUBLE VIOLENCE »",Collectif,Guide des eaux florales et hydrolats,29,,
"COMITÉ POUR L’ÉGALITÉ ENTRE FEMMES ET LES HOMMES
COMITÉ DIRECTEUR SUR LES MOYENS DE COMMUNICATION DE MASSE","RAPPORT
Conséil de l’Europe",Guide des métiers pour les petites filles qui ne veulent pas finir princesses,21,,
Commission fédérale pour les questions féminines CFQF,,Guide d’autodéfense numérique,28,,
Compte rendu colloque du groupe regard critique,,Guide Les couches lavables et autres alternatives aux couches jetables,25,4 exemplaires,
Compte rendu groupe de travail IVG,,Guide pour décrocher des médicaments psychotropes en réduisant les effets nocifs,3,,
CONDE,Maryse,Guide pratique pour la biodiversité – Agenda 21 Valais,24,,
CONDE,Maryse,Hangry (zine numéro 1),24,,
"COPPEL
AMAOUCHE
BRAGGIOTTI
","Anne
Malika
Lydia",Hangry (zine numéro 2),4,,
CORNAZ,Maria Immita,Hannah Villiger,5,,
CORNAZ,Maria Immita,Happy fat – taking up space in a world that wants to shrink you,5,,
"CORSANI
LAZZARATO","Antonella
Maurizio",Healing sex – a mind-body approach to healing sexual trauma,5,,
COTLENKO,Mila,Hera Lind,22,,
"COTTIN
FARIA","Menena
Rosana",Heureux les heureux,41,,
COTTINGHAM,Laura,Hier,11,,
"COUIC MARINIER
TOUBOUL","Françoise
Anthony
",Hildegard von Bingen,1,,
couRAGE,Sud Info revue,Histoire du féminisme français du moyen âge à nos jours,5,,
COUTROT,Thomas,Histoire du suicide – La société occidentale face à la mort volontaire,5,,
COWELL,Cressida,Histoire du travail des femmes,12,,
COXON,Ann,Homo Inc.orporated – Le triangle et la licorne qui pète,24,,
CREVOISIER,Benoîte,Homo Sapienne,24,,
CROWDAGGER,Lizzie,"Homosexualité – Dix clés pour comprendre, vingt textes à découvrir",24,,
CUBLIER,Anne,Homosexuelle Manner im KY Sachsenhausen,22,,
"CUKIERMAN (dir)
DAMBURY (dir)
VERGÈS (dir)
ATTIA
BACHELOT NGUYEN
CHAILLON
DAO
DOUMBIA
DURIMEL
EL KHARRAZE
GAY
GUELLATI
KABAL
KASSI KOUYATÉ
LECLAIRE
MARBOEUF
OBOLO
SAINTE ROSE FANCHINE","Leïla
Gerty
Françoise
Kader
Marine
Rébecca
Myriam
Eva
Daïa
Karima
Amandine
Mohamed
D’de
Hasane
Jalil
Olivier
Pascale
Sandra",Hormones et parcours trans,11,,
CURIE,Eve,Hors-la-loi,22,,
CY,,Hors-série n°3 : Comment devenir autonome – Manuel destiné aux personnes qui ont vraiment envie de prendre leur vie en main,18,,
D,Typhaine,Hot-série – Spécial sexe,39,,
D’ANGELO,Robin,Hothead Paisan – Homicidal Lesbian Terrorist,4,,
DABIRI,Emma,How I learned to love myself and occasionally other men #1 (2003),20,,
"DAHINDEN
HERTZ
LIEBER","Janine
Ellen
Marylene",Hschouma – corps et sexualité au Maroc,5,,
"DALLA COSTA
JAMES","Mariarosa
Selma",Hugs and kisses – Tender to all gender – Numéro 6,21,,
DALMAS,Patricia,Hunger – une histoire de mon corps,1,,
DALY,Mary,I am not your negro,27,,
DARBY,G.,I got so much trouble on my mind…,41,,
DARNZIK,Jasmin,I know why the caged bird sings,22,,
DAUM,Meghan,Icht weinte nicht als vater starb,40,,
Dave,,"Ici, ensemble et maintenant",19,,
DAVIS,Angela,il est temps que je te dise,13,,
DAVIS,Angela,Il y a l’antisémitisme,20,,
DAVIS,Angela,Il était deux fois…,20,,
DAVIS,Angela,Il était une voix...L’histoire d’une petite fille dans un monde sans bruit,20,,
DE DARDEL,Julie,Illégales mais indispensables / Employées domestiques sans permis de séjour valide dans la région de Zurich,27,,
DE GASQUET,Bernadette,Ils vécurent heureux et n’eurent pas d’enfants,1,,
DE HENNEZEL,Marie,Immersion totale – Onze nouvelles,43,,
DE SURY,Ghislaine,In the spirit of stonewall,43,,
DÉCHALOTTE,Mélanie,Incendies – Le sang des promesses / 2,40,,
DECK,Julia,Incidents in the life of a slave girl,24,,
DEFORGES,Régine,Indigo Blue,24,,
DEGOUMOIS,Valy,Indira Gandhi,22,,
DEHARME // CAHUNE ,Lise /// Claude,Industrie Laitière – une plaie ouverte à suturer ? Regard éthique sur la filière suisse du lait,10,,
DEL CASTILLO TRONCOSO,j. J.-F. G. L. G.,Inertie,25,,
DELAGE,Pauline,Insolente veggie – une végétalienne très très méchante,21,,
DELAUME,Chloé,Insoumises,28,,
DELBEE,Anne,Insoumission à l’école obligatoire,14,,
DELESSERT,Thierry,Insurrections ! En territoire sexuel,19,,
DELIBEE,Anne,Intellectuelles – Du genre en histoire des intellectuels,22,2 (livre de poche et un « Presse de la renaissance »),
DELISLE,Circé,Intermittents et précaires,2,,
DELORME,Wendy,Introduction aux Gender Studies – Manuel des études sur le genre,18,,
DELORME,Wendy,"Italien, guide de conversation de voyage",24,,
DELORME,Wendy,"It’s not about the burqa – Muslim women on faith, feminism, sexuality and race",24,,
DELORME,Wendy,I’m actually really grown-up now,24,,
"DELOUPY
MERALLI","
Swann",I’m every woman,36,,
DELPHY,Christine,Jane Eyre,5,,
DELPHY,Christine,Je cherche encore ton nom,15,,
DELPHY,Christine,Je ne sais pas quoi faire des gentils blancs,35,,
DELPORTE,Julie,Je parle espagnol,22,,
DELPORTE,Julie,Je suis grosse,42,,
DELPORTE,Julie,Je suis un monstre qui vous parle,42,,
DEMARCHE,Jean-Pierre,"Je transporte des explosifs, on les appelles des mots * poésie et féminismes aux États-Unis",17,,
DEREN,Maya,Je vois des antennes partout,11,,
DERIEX,Suzanne,Jenseits von Gottvater Sohn & Co – Aufbruch zu einer Philosophie der Frauenbefreiung,22,,
DERIEX,Suzanne,Jeux et enjeux de mémoire à Gaza,24,2 (1 l’age d’homme et 1 L’aire),
Des femmes de Musidora,Collectif,Joséphine Baker,11,,
"DESCHAMPS
SOUYRIS","Catherine
Anne",Joséphine Baker,4,2,
"DESCOUTURES
DIGOIX
FASSIN
RAULT","Virginie
Marie
Eric
Wilfried",Jouir – en quête de l’orgasme féminin,19,,
DESFORGES ET ABAUZIT,Régine et Manon,Journal,22,,
DESPENTES,Virginie,Journal d une combattante – nouvelles du front de la mondialisation,15,,
DESPENTES,Virginie,Journal de Suzanne,24,,
DESPENTES,Virginie,Journal d’une bourgeoise,24,,
DESPENTES,Virginie,Journal d’une femme noire,24,,
DESPENTES,Virginie,Journal d’une grosse qui réfléchit,24,,
DESPENTES,Virginie,Joyful Militancy – Building thriving Resistance in Toxic Times,24,,
DESPENTES,Virginie,"Judith Butler - Trouble dans le sujet, trouble dans les normes",24,,
DESPENTES,Virginie,"Judy, Lola, Sofia et moi",24,2 (1 Poche et 1 Grasset),
DESPENTES,Virginie,"J’ai avorté et je vais bien, merci",24,,
DESPENTES,Virginie,"J’avais vingt ans, Journal 1940-1945",24,,
DESPLAND,Béatrice,Kassandra-Rufe,5,,
DESPLECHIN,Marie,Khalat,24,,
"DESSOULAVY
SCENINI
AEBI","Danielle
Romana
Alain",Kiki de Montparnasse,27,,
DÉTREZ,Christine,King kong theorie,6,,
DEYDIER,Gabrielle,Kinésiologies – Mémoires et intelligence du corps,6,,
DIANGELO,Robin,Kobane calling,16,,
DIANGITUKWA,Fweley,Kosovo : la guerre cachée,16,2,
DIANTANTU,S.,La bal des folles,16,,
DIMASSA,Diane,La bâtarde,19,,
DIMASSA,Diane,La bâtarde d’Istanbul,19,,
DIMOVA,Théodora,La béance,24,,
DIOME,Fatou,La cause des femmes,24,2,
DIOME,Fatou,La chambre de Giovanni,24,,
DIVERS,collectif,La charge émotionnelle,21,,
DIVERS,,La cité promise – les enfants de la violence – tome 3,21,,
DIVRY,Sophie,La clé sur la porte,5,,
DJINDA,Vincent,La compagnie des loups,29,,
DOGAN,Zehra,La consolation,13,,
DOLEYRES,Suzy,la construction sociale du corps,24,,
DONATH,Orna,La couleur des sentiments,40,,
DORLIN,Elsa,La crise de la masculinité – Autopsie d’un mythe tenace,2,,
DORLIN,Elsa,La culture gaie et lesbienne,32,,
DOROSZ,Philippe,La fabrique de la ménopause,1,,
DOSSIERS Classeurs IVG,,La fabrique du sexe,3,,
DOSSIERS sur la procédure IVG en Suisse,,La femme dans les contes de fées,3,,
DOUROU,Muriel,La femme nue,4,,
DOWLING,Colette,La femme rompue,21,,
DUBUIS,Alexandre,La femme rompue – L’age de discrétion - Monologue,30,,
DUCREST,Danièla,La femme unidimensionnelle,1,,
"DUCREST
ROBERT
MÜLLER","Danièla
Mary-Claude
Gino",La flore d’Europe occidentale,1,,
"DUDA
PUSH","Sibylle
Luise F.",La fuerza del destino,14,,
DUDEN,Barbara,La geste des irréguliers – Sans papiers sur les routes de france,3,,
"DUFFEY
JENNINGS","Damian
John",La guerre des tétons 1 : L’invasion,16,,
DUFOUR,Catherine,La guerre des tétons 2 : Extermination,12,,
DUPUIS-DERI,Francis,La maison dans l’impasse,25,,
DUPUIS-DERI,Francis,La maison de papier,37,,
DURAND,Jean-Jacques,la marche pour l’égalité et contre le racisme,14,,
DURAS,Marguerite,La mentaphobie tue les animaux (ou comment le cri de la carotte),24,,
"EASTON
HARDY","Dossie
Janet",La migration italienne dans la Suisse d’après-guerre,18,,
"EASTON
HARDY","Dossie
Janet",La mise à nu,18,,
EASTON et W. HARDY,Dossie et Janet,La morsure du coquelicot,33,,
EASTON et W. HARDY,Dossie et Janet,La mort par les plantes,33,,
EBEL,Louise,La mujer habitada,22,,
EDDO-LODGE,Reni,"La mère, la sainte et la putain",16,,
EDGARD-ROSA,Clarence,La médecine du sexe et les femmes – anthologie des perversions féminines au XIXè siècle,31,,
EGGLI,Ursula,La parabole du semeur,14,,
EGGLI,Ursula,La part des choses,24,,
EGRET & ANDERSON,Eliza & Tom,La pensée straight,25,,
"EHRENREICH
ENGLISH","Barbara
Deirdre",La perle et la coquille,1,,
"EHRENREICH
ENGLISH","Barbara
Deirdre",La pesanteur ou la grâce,38,,
EISENDLE,Helmut,La place,7,,
EL-CHEIKH,Hanan,La place de la parole noire,24,,
EL-CHEIKH,Hanan,"La place des bonnes, la domesticité féminine à Paris en 1900",24,,
"ELIOTOUT
CHEVALLIER","Bertrand
Jean",La politique familiale et son arlésienne : L’assurance maladie,41,,
Elliot,Ruby,La politique sexuelle de la viande – une théorie critique féministe végétarienne,42,,
EMECHETA,Buchi,La prise en charge des enfants n’est pas que l’affaire des femmes…,24,,
EMMA,,La prison est-elle obsolète ?,42,,
EMMA,,"La prochaine fois, le feu",42,,
EMMA,,La promenade au phare,42,,
EMMA,,La puissance des mères,42,,
EMMANUELLE,Camille,La punta,18,,
ENLOE,Cynthia,La Pérégrine,35,,
ERDOGAN,Asli,"La reine scélérate, Marie Antoinette dans les pamphlets",13,,
ERNAUX,Annie,La rose la plus rouge s’épanouit,24,2,
"ESCOFFIER
GARRIGUE","Michaël
Roland",La révolte des nonnes,41,,
EVANS,Arthur,La saison de l’ombre,39,,
EVARISTO,Bernadine,La situation des femmes dans l’AVS,20,,
EVARISTO,Bernadine,La società de/generata – teoria e pratica anarcoqueer,20,,
EVARISTO,Conceiçâo,La soupe aux cailloux,20,,
EZLN – Commission sexta de l’EZLN,Collectif,La sérigraphie en trois étapes,25,,
FABBRI,Sandrine,La thèse du complot contre l’Afrique – Pourquoi l’Afrique ne se développe pas,19,,
FAG SCHOOL,fag school,La touche étoile,19,,
FANON,Frantz,La vagabonde,16,,
FANON,Frantz,La vie mensongère des adultes,16,,
FARAH,Nuruddin,La Vieillesse,24,,
FASIKI,Zainab,La vie… vite – Lausanne bouge 1980-1981 : une chronique,18,,
FASSIN,Eric,Laboratoires du travail,19,,
FAURE,Valentine,Ladivine,15,,
FAVIER,Emmanuelle,Lady in satin – Billie Holiday – Portrait d’une diva par ses intimes,24,,
FAVRE,Adeline,Laisses,22,,
FEDERICI,Silvia,lait et miel,25,,
FEDERICI,Silvia,Larousse dictionnaire français espagnol,28,3 (1 de 2014 et 2 de 2018),
FEINBERG,Leslie,las mujeres de X’oyep,2,,
FEINBERG,Leslie,Laura Dean keeps breaking up with me,2,,
FEINBERG,Leslie,Le bleu est une couleur chaude,19,,
FEINBERG,Leslie,Le bruit des gens,22,2,
FELDMANN,Christian,"Le bus des femmes prostituées, histoire d’une mobilisation",22,,
FELICITAS JAIME,Maria,Le capitalisme patriarcal,24,,
"FELTEN
FREY
PITTNER
RUSTERHOLTZ
WICKI","Margrith Von
Rosmarie
Ulrike
Ingrid
Hannah",Le carnet d’or,12,,
FERNANDO,Suman,Le chemin de Jada,14,,
FERNEY,Alice,Le cinquième enfant,24,,
FERRANTE,Elena,Le coeur de pic ,24,,
FERRIS,Emil,Le combat Adama,24,,
FERRIS,Emil,Le commerce des pissotières,24,,
FFGZ,Brochure,Le communisme expliqué aux enfants,40,,
"FIDECARO
LACHAT
TRASFORINI
COSSY
KUNZ WESTERHOFF
LEPERLIER
ROLLET
MARQUIÉ
BUSCATTO
DUPUIS
COLLIN","Agnese
Stéphanie
Maria Antonietta
Valérie
Dominique
François
Rollet
Hélène
Marie
Sylviane
Françoise",Le complexe de cendrillon,11,,
FINA,Gabriella De,Le corps aujourd’hui,10,,
FINET,Hélène,Le corps est une chimère,25,,
"FITZGERALD
MARQUEZ","Tom
Lorenzo",Le courage qu’il faut aux rivières,2,,
FLAMENT,Flavie,Le cri du petit chaperon rouge,15,,
FLEMING,Jacky,Le cycle de Hain : La cité des illusions,21,,
FLEUVE,Emile,Le cycle de Hain : La main gauche de la nuit,24,,
"FLEXNER
FITZPATRICK","Eleanor
Ellen",Le cycle de Hain : Le dit d’Aka suivi de Le nom du monde est forêt,21,,
FONTAINE,David,Le cycle de Hain : Le monde de Rocannon,19,,
"FOREY
FITZSIMONS","Pamela
Cecilia",Le cycle de Hain : Les dépossédés,1,,
FORNA,Aminata,Le cycle de Hain : Planète d’exil,24,,
FORNEY,Hellen,Le cœur cousu,14,,
FORNEY,Ellen,"Le droit de choisir : avortement, contraception : lutte internationale des femmes",14 (/42),,
FORRESTER,Amber,Le désir libertaire – le surréalisme arabe à Paris,15,,
FORRESTER ,,Le Femzine,,,
FORTUN ,Elena,Le Femzine #2,22,,
FRACHEBOUD,Virginie,Le foie – régulateur de la santé,14,,
FRAISSE,Geneviève,Le féminisme : raconté en famille,2,,
FRAME,Janet,Le genre du chômage ,14,,
FRANCES,Jacqueline,Le goût de viellir,4,,
"FRANCK (sous la direction de)
DELPHY
REINHARDT
DE FÉO
BA
VIENNOT
CARRÉ
D
VANDENDRIESSCHE
ROY
WEGNER
COUPPEY","Géraldine
Christine
Marianne
Agnès
Seydi
Éliane
Gwenaëlle
Typhaine
Stéphane
Ségolène
Oriane
Auréliane",Le grand cahier,31,,
FRANÇOIS,Jocelyne,Le grand marin,24,,
FRAPPIER et RYAN,Jean-Yves et Bill,Le grand mystère des règles – Pour en finir avec un tabou vieux comme le monde,19,,
"FRAUENFRAGEN
QUESTIONS AU FÉMININ
QUESTIONI FEMMINILI",Revue,Le guide des plantes d’intérieur,27,,
"FREEDMAN (Dir)
VALLUY (Dir)","Jane
Jérôme",Le guide terre vivante des huiles essentielles,28,,
FRENCH,Marilyn,Le héros était une femme…le genre de l’aventure,24,,
FREUND,Gisèle,Le jardin de verre,11,,
FRIDAY,Nancy,Le journal de Ma Yan,18,,
"FRIGON (sous la direction de)
LE BRETON
ROBERT
DUFRESNE
HOLMES
J.MURRAY
R. SHANTZ
CELLARD
CAUCHIE
CORRIVEAU
BRUCKERT
LEHALLE
PERREAULT
M.KILTY
JENNY
","Sylvie 
David 
Dominique 
Martin 
Dave 
Stuart 
Laura 
André 
Jean-François 
Patrice 
Chris 
Sandra 
Isabelle 
Jennifer 
Claire",Le Jujubier du patriarche,6,,
"G.
ZUCKERBERG","Mady 
J.R.",Le lamento de Winnie Mandela,2,,
GABARD,Mathieu,Le langage de la souffrance : santé mentale et invisibilité des femmes noires,13,,
GABRIEL,Joao,Le lever du jour,16,,
GABRIEL,Joao,Le livre des reines,16,,
GABRIEL,Joao,Le livre noir de la gynécologie,16,,
GAILLARD,Ursula,Le livre noir des couleurs,"21
27",3,
"GAILLARD
MAHAIM","Ursula
Annik",Le livre noir des violences sexuelles,3,,
GAIMAN,Neil,Le longue marche des femmes...vers leur émancipation du patriarcat et du capitalisme,24,,
GALANAKI,Rhéa,Le manchot comme on ne l’a jamais lu…,22,,
GALANAKI,Rhéa,Le manifeste lesbien,24,,
GALANT (dir.),Philippe,Le manuel de la justicière lesbienne,17,,
GALEY,Iris,Le miroir aux alouettes,15,,
GAMBLIN,Guillaume,Le monde a besoin de plus de personnes trans,20,,
GAMS Rhône-Alpes,,Le mouvement de libération transgenre,40,,
GANZO,Fernando,Le nouvel allemand sans peine,11,,
Garance,,"le passant ordinaire n°39, sécurité précarités",14,,
GAUME,Myriam,Le passé infini,36,,
GAUTHIER,Xavière,Le pavillon des enfants fous,3,,
GAY,Roxane,Le pays des merveilles,6,,
GAY,Roxane,Le petit livre rose – une anthologie,20,,
Gay Liberation Front collectif,,Le piano oriental,19,,
GELDERLOOS,Peter,Le pouvoir des femmes et la subversion sociale,32,,
GELDERLOOS,Peter,Le pouvoir est pour demain – Les femmes dans la politique suisse,32,,
"GEMMIS
BEGNEZ","Céline de
François",Le problème avec les femmes,36,,
GENDRIN,Étienne,Le propre et le sale – l’hygiène du corps depuis le Moyen Age,29,,
"GENDRON
HIESTAND
STUEBIG","Geneviève
Gertrude
Karin",Le quiz du genre,5,,
GENNARI,Geneviève,Le racisme n’est pas une affaire d’ignorance,22,,
GENNARI,Geneviève,Le rapport Hite,24,,
GENTAZ,Christophe,Le rayonnement de la France,19,,
GENTAZ,Christophe,Le refuge des cimes,19,,
GEORGE,Revue,Le regret d’être mère,23,,
GEORGE,Revue,Le silence même n’est plus à toi,23,,
GEORGE,Revue,Le siècle des féminismes,23,,
GEORGE,Revue,Le sommeil des poissons,23,,
GEORGE,Revue,Le Suisse et les étrangers,23,,
GEORGE,Revue,Le sujet du féminisme est-il blanc ? Femmes racisées et recherche féministe,23,,
GEORGE,Revue,Le système de genre – Introduction aux concepts et théories,23,2(1 de 2001 et 1 de 2005),
GEORGE,Revue,Le temps compté de l’égalité,23,,
GEORGE,Revue,Le temps d’après,23,,
GERARD,Nicole,Le train des italiennes,13,,
GERMAIN,Sylvie,Le trèfle de vie – Recueil de plantes médicinales au fil de la grossesse,24,,
GIANINI BELOTTI,Elena,Le ventre de l’Atlantique,12,,
GILL,Nikita,le vrai sexe de la vie,10,,
GILL,Nikita,Legendary Children,39,,
"GILLIOZ
DE PUY
DUCRET","Lucienne
Jacqueline
Véronique",Les Amantes,28,,
GIORGI,Alda DE,Les amies de Bernhard,5,,
GIROUD,Françoise,Les amies d’Héloïse,22,,
GLICK,Elisa,Les ananas de la colère,19,,
GOLDMAN,Emma,Les aventures de Zoé – La pluie,22,,
GOLDMAN,Emma,Les aventures des jumeaux Ciméon,22,,
GONARD,Laurie,Les belles images,10,,
"GORMAN, SAINI, TAM, UDEGBE, USAR","Rachel, Annu, Louise, Onyinyechukwu, Onar","Les blancs, les juifs et nous – vers une politique de l’amour révolutionnaire",14,,
"GOSTELI (dir.)
MOSER","Marthe
Peter",Les carnets de Jane Somers // Journal d’une voisine,27,2,
GOUGES (DE),Olympe,Les corps abstinents - « J’ai discuté avec celles et ceux qui comme moi ne font plus l’amour »,21,,
GOURD,Emilie,Les couilles sur la table,21,,
GOYET,Mara,Les crocodiles,21,,
GRENNVALL,Asa,Les crocodiles sont toujours là,28,,
GRIF,Les cahiers du GRIF,Les dames de Kimoto,5,,
GRIF,Les cahiers du GRIF,Les damnés de la terre,5,,
GRIMM,Collectif Le Grimm,"Les deux vies d’Abel Barbin, né Adélaïde Herculine (1838-1868)",5,,
GROBETY,Anne-lise,Les en-dehors : anarchistes individualistes et illégalistes à la «Belle Epoque »,24,,
GROSENICK,Uta,Les enfants de la violence – tome 1,11,,
GROULT,Benoîte,Les enfants d’Héloïse,22,,
GROULT,Benoîte,Les excès du genre,22,,
GROULT,Benoîte,Les faits du Logis,24,,
GROULT,Benoîte,Les femmes au Moyen Age,24,,
GROULT,Benoîte,Les femmes et la politique,24,,
GROULT,Benoîte,Les femmes et leurs maîtres,24,,
GROULT,Benoîte et Flora,Les femmes s’entêtent,24,,
GROULT,Flora,Les femmes à l’heure de la mondialisation ou l’actualité des luttes féministes,24,,
GROULT,Flora,Les filles du cahier volé,24,,
GROULT,Flora,les filles voilées parlent,24,,
GROULT,Flora,Les fleurs coupées,24,,
GROUPE DE TRAVAIL SEVESO,Collectif,Les folles d’enfer de la salpêtrière,36,,
"GUBIN (dir.)
JACQUES
ROCHEFORT
STUDER
THÉBAUD
ZANCARINI-FOURNEL","Eliane
Catherine
Florence
Brigitte
Françoise
Michelle",Les féministes blanches et l’empire,21,,
GUELPA,Béatrice,Les genres fluides,13,,
GUELPA et Robert,Emilie et Julie,Les gens normaux – Paroles lesbiennes gay bi trans,8,,
GUEX,Peggy,Les gros mots – abédécaire joyeusement moderne du féminisme,2,,
GUILLAUMAUD-PUJOL,Claude,Les herbes folles,13,,
GUINAND,Julie,Les hommes qui marchent,24,,
GUINAND,Julie,Les indésirables . 1. Lecce (Italie),24,,
GÜSTIN,Jo,Les Jardins des femmes,16,,
GÜSTIN,Jo,Les jolies choses,24,,
GYASI,Yaa,Les lunes de Jupiter,16,2 (grand et petit format),
Gysler,Sarah,Les luttes des putes,24/19,,
H.K,,Les massages et leurs bienfaits,14,,
HABIB,Stéphane,Les mauvais anges,16,,
HADDAD,Joumana,Les mots et les femmes,24,,
HAGEN,Sofie,Les mères chômeuses dans le viseur de l’ORP,6,,
HAIDAR,Sarah,"Les nouvelles femmes, Préface de Benoîte Groult",25,,
HAINES,Staci,Les passeurs de livre de Daraya,18,,
HAJJAT,Abdellali,Les personnes folles racisées – un manifeste,16,,
HALIMI,Gisèle,Les plantes de la Grèce antique (Portraits de Botanique 2004),3,2 (1 folio et 1 Grasset),
HALL,Nicola,Les racines du racisme en psychiatrie,1,,
HALPERIN,David,Les règles...quelle aventure !,19,,
"HAMROUNI
MAILLÉ","Naïma
Chantal",Les sentiments du prince Charles,20,,
HANIKA,Beate Teresa,Les sept vies de Louise Croisier née Moraz – tome 1,15,,
HARAWAY,Donna J.,Les sept vies de Louise Croisier née à Moraz,?,,
Haraway,Donna J.,"Les sorcières de la littérature – 30 écrivaines aux pouvoirs extraordinaires
(préface de Chloé Delaume)",21/22,,
HARAWAY ,Donna,Les tricoteuses,19,,
HARJO,Joy,Les vagues,22,,
HARPMAN,Jacqueline,Lesben Komisch,24,,
HARTLEY,Jenny,Lesbian writers on their fathers,21,,
HASHIMI,Nadia,Lettre au peuple et autres textes ,24,,
HASINOFF,Amy Adele,Lettre à Adama,15,,
HECHT,Gabrielle,"Lettre à celle qui lit mes romances érotiques, et qui devrait arrêter tout de suites",35,,
"HELD
LEVY","Thomas
René",Lettres de Syrie et d’exil,27,,
HELLER,Geneviève,"Leur crise, nos luttes",13,,
"HELWERTH
SCHWARZ","Ulrike
Gislinde",Libertarias – Femmes anarchistes espagnoles,21,,
"HENNING
BREMER-OLSZEWSKI","Ann-Marlene
Tina",Liberté pour tous avec ou sans papiers – Une lutte contre la machine à expulser (Paris 2006-2011),18,,
HETEROGRAPHE,Revue,Libres ! Manifeste pour s’affranchir des diktats sexuels,23,,
HETEROGRAPHE,Revue,"LIBRO, a seguito del 14° incotro per la liberazione animale e della terra",23,,
HETEROGRAPHE,Revue,Libère-toi cyborg !,23,,
HETEROGRAPHE,Revue,Libérons l’avortement – Comité pour la liberté de l’avortement et de la contraception,23,,
HETEROGRAPHE,Revue,Liens de sang,23,,
HETEROGRAPHE,Revue,Liens de sang,23,,
HILL COLLINS,Patricia,Liens de sang,20,,
"HIRATA (dir.)
LABORIE
LE DOARÉ
SENOTIER","Helena
Françoise
Hélène
Danièle",Lignes de failles,21,,
HIRIGOYEN,Marie-France,Little Josephine,28,,
HITE,Shere,Littoral – Le sang des promesse /1,18,,
HOFFMAN,Dara,"Lorsque je me suis relevée, j’ai pris mon fusil – Imaginer la violence des femmes",2,,
HOLLIDAY WILLEY,Liane,Los Olivos de Belchite,14,,
HOLLOWS,Joanne,Louise Bourgeois,21,,
HOOKS,Bell,Louves de mer,16,,
HOOKS,Bell,Love my life,16,,
HOOKS,Bell,Lovin Baby,20,,
HOOKS,Bell,Lustmord – Sexual murder in weimar Germany,20,,
HOOKS,Bell,Lysistrata,20,,
HOOKS,bell,L’affamée,20,,
HOOKS,Bell,L’Afrique au secours de l’Afrique,16/20,3,
HOPKINSON,Nalo,L’aloès,16,,
HOSSEINI,Khaled,"L’alphabet des anges, l’aire",24,,
HOUARI,Leila,L’amande,29,,
HOUBRE,Gabrielle,"L’amour, encore",2,,
HUBERT,Collectif,L’Anatomie politique,2,,
HUMPHREYS,Laud,L’aquarelliste,19,,
HUSTON,Nancy,L’art de dominer,24,,
HUSTON,Nancy,L’art de la joie,24,,
HUSTON,Nancy,L’art de soumettre,24/19,,
ILGA Collectif,,L’autre côté du rêve,19,,
INCENDO ,Collectif,L’autre moitié du soleil,38,,
INTERFOTO,,L’autre – regards psychosociaux,11,,
JACKSON et CLARK,Shelly Lynn et Ethan,L’eau,8,,
JACOBS,Harriet,L’effet churten,22,,
JARPA,Volupsa,L’empire des femmes – les femmes ont changé. Elles confient leurs fantasmes sexuels,11,,
JEMISIN,N.K,L’emploi à temps partiel,24,,
JOHNSON,Erin,L’enfant méduse,2,,
JOMINI-MAZONI,Regina,L’enfant silence,12,,
JONES,Tayari,L’ennemi principal – 1 : Économie politique du patriarcat,24,,
"JORIS (dir.)
WITZIG (dir.)
ALT
ANDEREGG
BLOSSER
BUCHELI
CHIQUET
HUBER
JORIS
PRODOLLIET
SUTTER
ULRICH
WITZIG","Elisabeth
Heidi
Marianne
Susanne
Ursi
Monika
Simone
Doris
Elisabeth
Simone
Eva
Anita
Heidi",L’envolée n°28,21,,
JOUB,,L’envolée n°41,6,,
JOURDAIN,Eric,l’envolée n°47,19,,
"JOUVET
JACQUIER
INDIA
MERTZ
MILHOVITCH
GAILLARD
ALKAN
JOSEPH
ELEGY
GOBRAIT
BROUILLETTE
ARMESTO","Emilie
Céline
Virginie d
Fanny
Refca
Anne
Judith
Rae

Nolwenn
Silvie
Carole",L’envolée n°48,19,,
JUNG,,l’envolée n°50,34,,
JUNG,,L’essentiel des gouines à suivre,34,,
JUNG,,L’histoire de Ketty,34,,
JUNG,,L’homophobie masculine : préservatif psychique de la virilité ? (1994),34,,
K.,Marina,L’impasse de Bab Essaha,6,,
KAIZEN,Magazine,"L’inadeguato, Lo inadecuado, the inadequate",1,,
KAMINSKY,Annie,L’insolente – dialogues avec Pinar Selek,14,,
KARCHER,Katarina,L’introduction de l’assurance invalidité en Suisse,25,,
KAUR,Rupi,L’invention du fœtus,10,,
KAUR,Rupi,L’inversion de la question homosexuelle,10,,
KAUR,Rupi,L’oiseau captif,10,,
KAYE,Julia,L’origine des autres,2,A CONSULTER SUR PLACE,
"KAZUNE ZULU
A. COLLINS","Princess
Belinda",L’origine du monde,30,,
KELLER,Andrea,L’ortie,19,,
"KELLERHALS
PERRIN
STEINAUER-CRESSON
VONECHE
WIRTH","J.
J.-F.
G.
L.
G.",L’ultime humiliation,27,,
KEMMERER (ed.),Lisa,L’une d’elles,26,,
KENNEDY,A.L,"L’Âge, le désir & l’amour",24,,
KHALIFA,Sahar,L’échec de la non-violence // Du printemps arabe à Occupy,36,,
KHAN,Mariam (ed),L’écho lointain de l’orage – Les enfants de la violence – tome 2,20,,
KINGSOLVER,Barbara,"L’éducation rationnelle de l’enfance/ La limitation des Naissances. Moyens d’éviter les grandes familles/ Lettre sur l’amour, la beauté, la vie, l’inconstance et quelques autres sujets",24,,
KINOUANI,Guilaine,L’élue,14,,
"KITAISKAIA
HORAN","Taisia
Katy",L’élégance des veuves,22,,
KLEIN,Naomi,L’élégance du hérisson,25,,
KOHLER,Nathalie,"L’épopée d’une anarchiste, New York 1886- Moscou 1920",27,,
KORMAN,Cloé,L’île sous la mer,16,,
KORNELIUSSEN,Niviak,L’œil le plus bleu,24,,
KRATTIGER,Ursa,Ma sœur serial killer,27,,
"KRÉFA
LE RENARD","Abir
Amélie",Mad Kweer #1 (august 2003),20,,
KRISTOF,Agota,Madame Curie,24,,
KRISTOF,Agota,Madame Proust,24,,
KUHN,Monika,Mais qu’est-ce qu’elles voulaient ?  – Histoires de vie du MLF à Genève,24,,
KUTHY SALVI,Brigitte,Make love – une éducation sexuelle,24,,
KUTTEL,Mireille,Making feminist sense of international politics – Bananas Beaches & Bases,24,,
"KWAKYE
OGUNBIYI","Chelsea
Ore","Making spaces safer – A guide to giving harassment the boot wherever you work, play and gather",16,,
L’ÉMILIE,Revue,Maléfiques,23,,
L’ÉMILIE,Revue,Manifeste cyborg et autres essais,23,,
L’ÉMILIE,Revue,Manifeste d’une femme trans et autres textes,23,,
L’ÉMILIE,Revue,Manifeste Xénoféministe,23,,
L’ÉMILIE,Revue,Manuel de gynécologie naturopathique à l’usage des femmes,23,,
L’ÉMILIE,Revue,Manuel de savoir-vivre en milieu TPG,23,,
L’ÉMILIE,Revue,Manufacture et Manucure,23,,
L’ÉMILIE,Revue,Marchen von starken Frauen,23,,
L’ÉMILIE,Revue,Margins and murmurations,23,,
LA BÛCHE,BD FANZINE COLLECTIF,"Maria Nikiforova -La révolution sans attendre, L’épopée d’une anarchiste à travers l’Ukraine (1885-1919)",27,,
LA BÛCHE,BD FANZINE COLLECTIF,"Mariages au quotidien – Inégalités sociales, tensions culturelles et organisation familiale",42,,
LA BÛCHE,BD FANZINE COLLECTIF,Mariages et homosexualités dans le monde – L’arrangement des normes familiales,42,,
LA BÛCHE,BD FANZINE COLLECTIF,Materializing Queer Desire,42,,
LA BÛCHE,BD FANZINE COLLECTIF,Maxime ou la déchirure,42,,
LA BÛCHE,BD FANZINE COLLECTIF,Memoire de l’esclavage,42,,
LA BÛCHE,BD FANZINE COLLECTIF,Mes bien chères sœurs,42,,
LA BÛCHE,BD FANZINE COLLECTIF,Mes mauvaises pensées,42,,
LABÉ,Louise,Microfeminismos,10,,
LABELLE,Sophie,"Mieux qu’un rêve, une grève ! – La grève des femmes du 14 juin 1991 en Suisse",2,,
LABELLE,Sophie,milk and honey,41,,
LAFON,Lola,Mille traverses,24,,
LAFOSSE DAUVERGNE,Geneviève,Millions like us : British women’s fiction of the Second World War,18,,
"LAINÉ
NAVIE",Audrey,Miss Davis - la vie et les combats d’Angela Davis,6,,
"LAMAMRA
MASDONATI","Nadia
Jonas",Mode et fétichisme,5,,
LAMOTTE,Emilie,MOH : Palestinien mais presque,12,,
"LANG
MOKRANI","Myriam
Dunia",moi aussi je voulais l’emporter,16,,
LAQUEUR,Thomas,moi en double,2,,
LARTET-GEFFARD (réc.),Josée,Moi qui n’ai pas connu les hommes,31,,
LARUE,Ian,Moi Tituba sorcière,19,,
LE GUIN,Ursula K.,"Moi, Adeline, accoucheuse",20,,
LE GUIN,Ursula K.,"Moi, ce que j’aime, c’est les monstres",24,,
LE GUIN,Ursula K.,"Moi, ce que j’aime, c’est les monstres – édition limitée créature // RESTE ICI",24,2 (1 Poche 2008 et 1 poche 2018),
LE GUIN,Ursula K.,"Moi, la grosse",24,,
LE GUIN,Ursula K.,"Moi, l’infirmier des fous",24,,
LE GUIN,Ursula K.,Mon année au jardin bio-dynamique – 100 trucs et astuces,24,,
LE GUIN,Ursula K.,mon corps est un champ de bataille tome 2,24,,
LE GUIN,Ursula K.,"Mon corps est un champs de bataille, analyses et témoignages",24,,
LE GUIN,Ursula K.,"Mon cours de tissage, technique et astuce",24,,
LE GUIN,Ursula K.,Mon évasion,24,,
LE GUIN,Ursula K.,Monster,24,,
LE GUIN,Ursula K.,Mordre au travers,24,,
LE QUERREC,Perrine,Mordre à travers,28,,
LECLERC,Annie,"More than two, A practical quide to ethical polyamory",24,2 (1 Poche et 1 Grasset),
LECLÈRE,Françoise,Mourir Partir Revenir – Le jeu des hirondelles,6,,
LEDUC,Violette,"Mouth full of blood – Essays, speeches, meditations",24,,
LEDUC,Violette,Mouvements lesbiens : ruptures et alliances,24,2,
LEE,,Mrs Dalloway,14,,
LEE,Soyung,Mujeres de negro,41,,
LEPORI,Pierre,Mutinerie et autres textes d’Ulrike Meinhof — Déclarations et analyses des militants de la fraction armée rouge emprisonnés à Stammheim,19,,
"LEQUETTE (Dir)
LE VERGOS (Dir)","Samuel
Delphine","My dad thinks I’m a boy – Sometimes, adults are confused",15,,
Les cahiers du GRIFF,Collectif,Myome,11,,
Les désobéissants collectif,,Mères,25,,
Les filles des 343,,Médecines naturelles de nos grand-mères – Plus de 500 recettes pratiques,3,,
LESSING,Doris,Mémoires d’elles,24,,
LESSING,Doris,Ménage-toi,24,,
LESSING,Doris,Métaphysique des tubes,24,,
LESSING,Doris,Ne le dis pas à maman,24,,
LESSING,Doris,Ne neige-t-il pas aussi blanc chaque hiver ?,24,,
LESSING,Doris,Ne suis-je pas une femme ? Femmes noires et féminisme,24,,
LESSING ,Doris,Nestor le dinosaure,24,,
LESTRADE,Didier,Ni bonne ni mauvaise ni tout à fait le contraire,30,,
LIEFFE,Otter,"Ni poupées, ni super-héros – Mon premier manifeste antisexiste",24,,
LIEFFE,Otter,"Ni tout à fait la même, ni tout à fait une autre",24,,
"LIGNON (sous la direction de)
TRICLOT
BLANCHET
COVILLE
KRICHANE
GENVO
PERRON
MOSCA
MOZZICONACCI
VACHEY
SPIES
ZERBIB
DRISCOLL
BEAVIS","Fanny
Mathieu
Alexis
Marion
Sélim
Sébastien
Bernard
Ivan
Vanina
France
Virginie
Olivier
Catherine
Catherine",No home,11,,
LIGUE MARXISTE RÉVOLUTIONNAIRE,Collectif,No Sex – Avoir envie de ne pas faire l’amour,5,,
LLORCA,Françoise,Noire n’est pas mon métier – sur une idée d’Aïssa Maïga,1,2,
LOHSCHELDER,Silke,Nomadland,25,,
LOISEAU,Marie,"Non, c’est non – Petit manuel d’autodéfense à l’usage de toutes les femmes qui en ont marre de se faire emmerder sans rien dire",6,,
LOISON,Patricia,"Notre corps, nous-mêmes",34,,
LONDEIX,Pauline,"Notre corps, Nous-mêmes",19,2,
LORDE,Audre,Nous aurons aussi de beaux jours – Écrits de prison,16,,
LORDE,Audre,Nous ne ferons pas marche arrière ! - Luttes contre la frontière franco-italienne à Vintimille,20,,
"LORDE
RICH
ANZALDUA
HOOKS
JORDAN
MORAGA
ALLISON
SHAKUR
MORGAN
KAHF
GUNN ALLEN
WONG
KLEPFISZ
IMMA
TSUI
EDWARDS
MORENO
CORBETT
BROWN
NIETOGOMEZ
WEST
LINDSEY
SAXE
CLAUSEN","Audre
Adrienne
Gloria
bell
June
Cherrie
Dorothy
Assata
Robin
Mhoja
Paula
Nellie
Irena
Z’étoile
Kitty
Kari
Angela

Wilmette
Anna
Jayne
Kay
Susan
Jan",Nous ne sommes pas des hommes,10,,
LOUCHART,Aurélie,Nous n’irons plus aux urnes – Plaidoyer pour l’abstention,20,,
LOUIZA,LOUIZA,Nous n’irons plus pointer chez Gaïa – Jours de travail a Kokopelli,42,,
"LOUZÉ
MILLON
LOUZÉ","Aude
Xavier
Anne-Florence",Nous sommes les indigènes de la république,1,,
LOVELACE,Amanda,Nouvelle lyrique,10,,
LOVELACE,Amanda ,Nuages dans la main,10,,
LOVELACE,Amanda ,Numéro 2,10,,
LOVELACE,Amanda ,Numéro 4,10,,
LOWRY,Lois,Numéro 5 – Porosité,41,,
LUEBBERT,Maddie aka Mx. Luebbert,Numéro 6 : numéro spécial enfance,12,,
LUST,Ulli,Numéro 7,15,,
LUXEMBOURG,Rosa,"Numéro 7 : Thessalonique, Grèce",25,,
LUXEMBOURG,Rosa,Numéro 8 : numéro spécial migrations,25,,
LUXEMBOURG,Rosa,Numéro 9,25,,
MACCIOCCHI,Maria,Numéro spécial : A poil et à plumes,21,,
Machida,Keiko,N° 0 (mars 2010),11,,
MACLANE,Mary,N° 1 (août 2010),22,,
"MADEMOISELLE CAROLINE
MATHOU
DEYDIER",".
.
Gabrielle",N° 10 (mars 2018),6,,
MAGNIN-GONZE,Joëlle,N° 10 Marseille – Bonnes femmes mauvais genre,1,,
MAGNIN-GONZE,Joëlle,N° 12 Guyane – Trésors et conquêtes,1,,
MAGNIN-GONZE,Joëlle ,N° 1514 – Quartier femme,1,,
MAGUIRE,Toni,N° 1516 – Comment sortir de la « bonne mère » : mauvaises mères et parentalité,15,,
MAILLET,Clovis,N° 1517 – Orientation et parcours scolaire : le poid des stéréotypes,2,,
"MAKAREMI
PARCIBOULA","Chowra
Matthieu",N° 1519 -Traite des femmes,29,,
MALLE,Mirion,N° 1520 – La deuxième vague,14,,
MALLE,Mirion,N° 1521 – Vivre en ville,42,,
MALLET-JORIS,Françoise,N° 1522 – Migrantes en Hélvétie,24,,
MALLET-JORIS,Françoise,"N° 1523 – Le mexique, un pays de contrastes",24,,
MANELLI,Florent,N° 1524 – Femmes et nouvelles technologie,19,,
MANSFIELD,Katherine,N° 1527 – Black feminism / voyage en altérité,24,,
MARCUS,Virginia,N° 2 (décembre 2010),26,,
MAREE BROWN,Adrienne,N° 3 (mars-juin 2011),25,,
MARIANT et VASSIVIERE,Claude et Daniel,N° 4 (juin-octobre 2011),17,,
MARIENSTRAS,Richard,N° 5 (novembre 2011-mars 2012),16,,
MAROH,Julie,N° 6 (printemps 82) – Femme et violence,19,,
"MARTI
MESSANT
MODAK","Laurence
Françoise
Marianne",N° 6 (printemps-été 2012),5,,
MARTIN,Claire,N° 6 (septembre 2012),15,2,
MARTIN-FUGIER,Anne,N° 7 (automne-hiver 12/13),5,,
MARTINEZ,Carole,N° 7 (septembre 2013),24,,
MARTINEZ,Carole,"N° 7 Tenir Tête, fédérer, amorcer",24,,
MARUANI (dir.),Margaret,N° 8 (automne-hiver 2013),21,,
"MARX
PEREZ-BELLO
COLLECTIF GRAS POLITIQUE","Daria
Eva
",N° 8 (septembre 2014),6,,
MAS,Victoria,N° 9 (mars 2016),14,,
MASINI,Béatrice,Nécessité de changer la loi : oui au régime du délai – 2001,24,,
MASPERO,François,Née de la cote d Adam,3,,
MATHIEU,Lilian,Oculto sendero,4,,
MATHIEU,Thomas,Oeuvre II (écrits politiques 1917-1918),15,2,
MATHIEU,Nicole-Claude,Oeuvres I (Réforme sociale ou révolution ? Grèves de masses. Parti et syndicats),21,,
"MATHIEU
BOUTANT","Thomas
Boutant",Oeuvres III – L’accumulation du capital (I),15,,
MATLWA,Kopano,OFF THE MAP tribulations de deux anarchistes,40,,
MAZAURETTE,Maïa,Olympe de Gouges,18,,
MBAYE,Sanou,Ombre – Le mal fait aux femmes,16,,
MBEMBE,Achille,On being hard femme #1,16,,
MBOLELA,Emmanuel,On est toujours là ! 5Èmes rencontres nationales des luttes des immigrations,29,2,
MÉFIEUH MEIDO,Hermine,On ne naît pas grosse,20,,
MEINHOF,Ulrike,On n’a que deux vies – Journal d’un transboy,13,,
MEMISS,Fatema,On s’y fera,20,,
"MENÉTREY
COLLECTIF DE DÉFENSE","Anne-Catherine
Collectif",Oranges are not the only fruit,27,,
MESSINA,Maria,Orlando,24,,
MESTIRI,Soumaya,Paradis,16,,
"MEYNET
JOLY","Sibylline
Salomé",Paradis,15,,
MIANO,Leonora,"Parler italien en voyage, avec les cartes de Florence et de Rome",16,,
MIANO,Leonora,Paroles de femmes,24,,
MIANO,Leonora,Paroles de sourds – A la découverte d’une autre culture,24,2 (1 Pocket et 1 Grasset),
MIANO,Leonora,Paroles...elles tournent !,24,,
MIANO,Leonora,"Party vegan – fabulous, fun food for every occasion",16,,
"MILLER-YOUNG
PARRENAS SHIMIZU
PENLEY
TAORMINO","Mireille
Céline
Constance
Tristan",Pas pleurer,17,,
MINAVERRY,,Pathologize this ! : a mental health zine,42,,
MINAVERRY,,Patty Diphusa – La Venus des lavabos,42,,
MINAVERRY,,"PEAU NOIRE, CHEVEUX CRÉPU l’histoire d’une aliénation",42,,
MINAVERRY,,"Peau noire, masque blanc",42,,
MINOIS,Georges,"Peau, à propos de sexe, de classe et de littérature",7,,
MINOUI,Delphine,Penser la violence des femmes,36,,
MIRALLES,Dunia,"Persécutions des femmes – savoirs, mobilisations et protections",24,,
MIRALLES,Dunia,Petit cours d’autodéfense intellectuelle,24,2,
MIRALLES,Dunia,Petit guide du bien-être Réflexologie,24,,
"MÖHRMANN (dir.)
LEWALD
MÜHLBACH
VON MEYSENBURG
OTTO-PETERS
DITTMAR
ANNEKE
ASTON
HAHN-HAHN","Renate
Fanny
Luise
Malvida
Louise
Louise
Mathilde
Louise
Ida
",Petit guide pratique pour la production de semences,21,,
MOKEDDEM,Malika,Petite,24,,
MONFERRAND,Hélène de.,Photographie et société,24,,
MONFERRAND,Hélène de.,Piaf,24,,
MONFERRAND,Hélène de.,Pistes Zapatistes – La pensée critique face à l’hydre capitaliste,24,,
"MONTGOMERY
BERGMAN
ALURI","Nick
Carla
Hari",Plalestine,25,,
MOREAU,Thérèse,Plan Q,12,,
MORGAN,Robin,Plantes médicinales,10,,
MORRISON,Toni,Plantes médicinales au rythme des saisons – tome 2,16,2,
MORRISON,Toni,Plantes sauvages,16,,
MORRISON,Toni,Plantes tinctoriales 1 Chimie des couleurs,16,,
MORRISON,Toni,Plantes tinctoriales 1 : Chimie des couleurs (Portraits de Botanique 2007),16,,
MORRISON,Toni,Plantes tinctoriales 2 : Du jardin à la cuve  (Portraits de Botanique 2007),16,,
MORRISON,Toni,Pleasure activism – The politics of feeling good,24,,
MORRISON,Toni,Pleines de grâce,24,,
MORRISON,Toni,Pluie et vent sur Télumée Miracle,24,,
MORRISON,Toni,Poemi dalla Negritudine,24,2,
MORRISON,Toni,Politique des gouvernés – réflexions sur la politique populaire dans la majeure partie du monde,24,,
MOUAWAD,Wajdi,Porno Manifesto,24,,
MOUAWAD,Wajdi,Pornoterrorisme,24,,
MOUAWAD,Wajdi,Pornotopie – playboy et l’invention de la sexualité multimédia,24,,
MOUAWAD,Wajdi,Portrait sépia,24,,
MOUAWAD,Wajdi,Poulet aux prunes,24,,
MOUAWAD,Wajdi,"Pouliches, moi – Poèmes érotiques contre l’hétéronormativité",24,,
MOYA,Elena,Pour ces yeux-là : la face cachée du drame argentin – Les enfants disparus,24,,
MULLER,Nicole,Pour elles toutes – Femmes contre la prison,19,,
"MULLER
STERNWEILER","Joachim
Andreas",Pour un féminisme de la totalité,19,,
MUNRO,Alice,Pour une théorie générale de l’exploitation,24,,
MUNRO,Alice,Pour une éducation épicène,24,,
MUNRO,Alice,Pourquoi faudrait-il punir ?,24,,
MWASI COLLECTIF AFROFEMINISTE,,Pourquoi le féminisme doit s’emparer de la grossophobie,20,,
NAIL,Isabelle,Pourquoi être heureux quand on peut être normal ?,21,,
NAVAI,Ramita,Pratique de l’espagnol de A à Z,24,,
NAVAJO,Métie,Prendre d’aimer,29,,
NDEBELE,Njabulo,Prendre refuge,24,,
NDIAYE,Marie,President Thomas Sankara Qui était-il ? Première partie,24,,
NDIAYE,Marie,"Princess, la guerrière – Se battre contre le sida avec courage et espoir",24,,
NEDJMA,,Princesse Kevin,22,,
NEGRIN,Su,Prisonniers du passage,1,,
NGOZI ADICHIE,Chimamanda,"Prisons de femmes – Janine, Janet & Debbie, une histoire américaine",24,,
NGOZI ADICHIE,Chimamanda,Profession : créatrice – La place des femmes dans le champ artistique,24,,
NGOZI ADICHIE,Chimamanda,Profession : infirme,24,,
NIKESCO,,Project Úter,14,,
NISSIM,Rina,Prostitution coloniale et post-coloniale,1,,
NISSIM,Rina,"prostitution, quel est le problème ?",1,,
NOAH,Trevor,Purge,16,,
NOMS,PRÉNOM,Push,CATÉGORIE,Nombre d exemplaires,
NORDIN,Vera et Charlotte,Put the Fun Between your Legs,14,,
NORTHUP,Solomon,Putain de vies ! Itinéraires de travailleuses du sexe,16,,
NOTHOMB,Amélie,Périnée – Arrêtez le massacre ! Comment prévenir et réparer les erreurs,24,,
NOTHOMB,Amélie,Périnée : What the fuck ?!,24,,
NOUVELLES QUESTIONS FÉMINISTES,Revue,Périphéries,23,,
NOUVELLES QUESTIONS FÉMINISTES,Revue,Quand le diable sortit de la salle de bain,23,,
NOUVELLES QUESTIONS FÉMINISTES,Revue,Quand l’autre en soi grandit : les difficultés à vivre l’homosexualité à l’adolescence.,23,,
NOUVELLES QUESTIONS FÉMINISTES,Revue,Quatrième génération,23,,
NOUVELLES QUESTIONS FÉMINISTES,Revue,Que le diable m’emporte,23,,
NOUVELLES QUESTIONS FÉMINISTES,Revue,Que veulent les gays ?,23,,
NOUVELLES QUESTIONS FÉMINISTES,Revue,Queer & Trans Sexual Assault : A Youth Issue,23,,
NOUVELLES QUESTIONS FÉMINISTES,Revue,Queer Japan,23,,
NOUVELLES QUESTIONS FÉMINISTES,Revue,"Queer sex – A trans and non-binary guide to intimacy, pleasure and relationships",23,,
NOUVELLES QUESTIONS FÉMINISTES,Revue,Queer Zones – La trilogie,23,,
NOUVELLES QUESTIONS FÉMINISTES,Revue,Queer – A graphic History,23,,
NOUVELLES QUESTIONS FÉMINISTES,Revue,Queer-feminist teenmag numero 6,23,,
NOUVELLES QUESTIONS FÉMINISTES,Revue,Queerasse #1 queer & décoloniale resistance,23,,
NOUVELLES QUESTIONS FÉMINISTES,Revue,Queering the Classroom,23,,
NOUVELLES QUESTIONS FÉMINISTES,Revue,Questions au féminin – Violence domestique : état des lieux,23,,
NOUVELLES QUESTIONS FÉMINISTES,Revue,Qui a peur de la mort ?,23,,
NOUVELLES QUESTIONS FÉMINISTES,Revue,R.a.c.o.n.t.e.r,23,,
NOUVELLES QUESTIONS FÉMINISTES,Revue,Race,23,,
NOUVELLES QUESTIONS FÉMINISTES,Revue,Race – histoires orales d’une obsession américaine,23,,
NOUVELLES QUESTIONS FÉMINISTES,Revue,"Randalierende Lehrerinnen, der basler lehrerinnenstreik vom 3. februar 59",23,,
NOUVELLES QUESTIONS FÉMINISTES,Revue,Rassemblez-vous en mon nom,23,,
NOUVELLES QUESTIONS FÉMINISTES,Revue,Rebelles,23,,
NOUVELLES QUESTIONS FÉMINISTES,Revue,Recueil de citations du président Thomas Sankara tome 1,23,,
NOUVELLES QUESTIONS FÉMINISTES,Revue,Refuser de parvenir – Idées et pratiques,23,,
NOUVELLES QUESTIONS FÉMINISTES,Revue,Rencontres radicales – Pour des dialogues féministes décoloniaux,23,,
NOUVELLES QUESTIONS FÉMINISTES,Revue,Retard de règles,23,,
NOUVELLES QUESTIONS FÉMINISTES,Revue,Revue des homolittératures ou pas : Numéro 9,23,,
NOUVELLES QUESTIONS FÉMINISTES,Revue,Robert’s rules of lesbian living,23,,
NOUVELLES QUESTIONS FÉMINISTES,Revue,Rock my soul – black people and self-esteem,23,,
NOUVELLES QUESTIONS FÉMINISTES,Revue,"Roland, Gloria, Diane et moi",23,,
NOUVELLES QUESTIONS FÉMINISTES,Revue,Rouge impératrice,23,,
"NSAFOU
BRUN","Laura
Barbara",Rouge pute,41,,
"NSAFOU 
BRUN","Laura 
Barbara",Rupture anarchiste et trahison pro-féministe,41,,
OKORAFOR,Nnedi,Règles douloureuses,24,2,
OKSANEN,Sofi,réflexions autour d’un Tabou – L’infanticide,24,,
OLUO,Ijeoma,Réflexions Autour d’un Tabou : l’infanticide,16,,
ORBAN,Christine,Réfugié,24,,
ORELLI,Giovanni,Réfugié.es LGBTI – Guide pratique pour un accueil inclusif et égalitaire,29,,
Organizaçᾶo de Fernanda Felisberto,,Révolution sexuelle et Mouvement de libération des femmes à Genève,?,,
OUASSAK,Fatima,Salope !,40,,
Ouvrage collectif,,Sans peau,38464,,
Ouvrage collectif,,Sans Remède N°1 (Mars 2010),40/3,,
OVALDE,Véronique,Sans Remède N°3 (Août 2011),24,,
OVALDE,Véronique,sans remède n°5,24,,
OVALDE,Véronique,SANTÉ LGBT – Les minorités de genre et de sexualité face aux soins,24,,
OVIDIE,,"SAS, please someone help me : fanzine de santé communautaire transpédégouines meufs",18,,
"OVIDIE
DIGLEE",,Satin grenadine,18,,
"OVIDIE
DIGLEE",,Se défendre – Une philosophie de la violence,18,,
PAGE,Martin,"Sea, sexisme and sun – Chroniques du sexisme ordinaire",18,,
PARADISE SHEARRING,Maisie,SelFrissons via la masturbation (ou pas),41,,
PARINI,Lorena,Sensations fortes,21,,
PARKER,Jack,Sept ans de pénitence,40,,
PAUCHARD,Catherine,Septième étage,27,,
PELLEGRINO,Bruno,Seveso est partout,24,,
PENELOPE,Revue,"Sexe et mensonges, la vie sexuelle au Maroc",28,,
PERREAU,Bruno,"Sexe, genre et sexualités",19,,
PEX,Giulia,Sexpolitiques – Queer zone 2,36,,
PICAUD,Coline,"Sexting panic – Rethinking criminalization, Privacy and Consent",29,,
PICAUD,Coline,Si Beale Street pouvait parler,29,,
"PIETRUCCI
VIENTIANE
VINCENT","Sophie
Chris
Aude",Silences d’exils,15,,
PIKOLA ESTES,Carissa,Silencieuse(s),39,,
"PINZON MENDOZA                                              
NARANJO","Camila
Erik",Sister Outsider,42,,
PIRINOLI,Christine,"Sister species – women, animals, and social justice",16,,
PIRZÂD,Zoyâ,Sisters in arms,24,,
PITTAU,Francesco,So you want to talk about race,41,,
POTTER,Shawna,Sonnets-Élégies / Débat de folie et d’amour,15,,
POULAIN,Catherine,"Sorcières, sages-femmes & infirmières – une histoire des femmes soignantes",24,,
POWER,Eileen,Sorties - Parcours de cinq détenus,21,,
POWER,Nina,sortir de la grande nuit – essai sur l’Afrique décolonisée,21,,
POWERPAOLA,,"Sortir du trou et échapper à notre vision étriquée du sexe
Lever la tête et inventer un nouveau répertoire érotique",42,,
PRATT,Minnie Bruce,Souffles,2,,
PRAZ,Anne-Françoise,"Soufi, mon amour",12,,
PRECIADO,Paul B.,"Spellbound, a graphic memoir",2,,
PRECIADO,Paul B.,Starker als ihr denkt,2,,
PRECIADO,Beatriz,Stone Butch Blues,18,,
"PRINCESSE LAMARCHE
MARIA ELISA",Tania,Stratégie pour faire face à l’entente de voix,10,,
PROVENZANO,Anna,Struggles for Autonomy in Kurdistan,10,,
PROVIS,Martine,Super late bloomer my early days in transition,24,,
PUSCH,Luise F.,Superman n’est pas juif (...et moi un peu),31,,
PUSCH,Luise F.,Superstars,31,,
QUÉMÉNER,Lucie,Sur la liberté – petite anthologie de l’émancipation,29,,
QUEVAL,Isabelle,Sur ma route,6,,
QUINCHE ,Robert,Survivante,1,,
"RACINE (dir.)
TREBITSCH","Nicole
Michel",Swing Time,21,,
Rahimi,Atiq,Swiss Trash,24,,
RAMBACH,Anne et Marie,"Syngué sabour, pierre de patience",19,,
"RECKITT
PHELAN","Helena
Peggy",Sépharade,11,,
"REID
IGLESIAS","Catherine
Holly K.",Tant que je serai noire,19,,
RÉSEAU DE SOLIDARITÉ ENVERS LES FEMMES EN SITUATION ILLÉGALE,Collectif,Tehanu,29,,
RESIST,Revue,Tels des astres éteints,23,,
Revue,collectif,Terremer,23,,
"Revue COLLECTIF
BENASAYAG
COULOMB
DAVERAT
FAURE
JOBARD
LEBRUN
MALINCONI
NEGRI
PAILLER
RENAULT
SARAMAGO
VICARD","
Aarrg Miguel
Hervé
Xavier
Michaël
Fabien
Jean-Pierre
Nicole
Toni
Aline
Emmanuel
José
Pyët",Testez l’urinothérapie,13,,
REVUE Z,Revue,The beaver show,23,,
REVUE Z,Revue,The black girl’s manifesto for change - taking up space,23,,
REZA,Yasmina,The Blind Assassin,24,,
RIBEIRO,Djamila,The Bluest eye,20,,
RIBEIRO,Djamila,"The chainbreaker, Bike book",20,,
RICCI LEMPEN,Silvia,The color purple,24,,
RICH,Adrienne,"The ethical slut, A practical guide to polyamory, open relationships and other adventures",10,,
RICHARD,Emmanuelle,The fat zine by fat people for fat people + those that care,18,,
"RICHARD
TAUXE","Marianne
Henri-Charles",The feminist porn book – The politics of producing pleasure,30,,
RICHOZ,Claudine,The Feminist porn book – the politics of producing pleasure,14,,
RICORDEAU,Gwenola,The fifth season,13,,
RIVAZ,Alice,The Heidi Chronicles,24,,
ROBERTS,Shelly,The kite runner,19,,
ROBERTSON,Robin,The lifted veil – Women’s 19th century stories,26,,
ROCHE,Juno,the mermaid’s voice returns in this one,18,,
ROHLFS,Sabine,The natural way – traditional chinese medicine,30,,
ROJAS,"Maythee, PhD",The origin of others,20,,
"ROSENSTEIN
BALADI","Adeline
.",The passion of new eve,42,,
"ROSENSTEIN
BALADI","Adeline
.",The revenge of Hothead Paisan – Homicidal Lesbian Terrorist,42,,
"ROSENSTEIN
BALADI","Adeline
.",The revolution starts at home – Confronting intimate violence within activist communities,42,,
ROSIER,Laurence,the Sadeian woman and the ideology of pornography,31,,
ROSSI,Federica,The sleeper and the spindle,41,,
"ROUMIGUIÈRE
LACOMBRE","Cécile
Benjamin","The social sex, A history of female friendship",41,,
RUCHAT,Martine,The Suffragettes,12,,
RUCKSTUHL,Lotti,the sun and her flowers,27,,
RUSTERHOLZ,Caroline,The thing around your neck,40,,
"RYTER
GRUTTER","
Karin",The Turtle of Oman,24,,
S.WEED,Susun,the witch doesn’t burn in this one,1,,
SACCO,Joe,the witch doesn’t burn in this one,42,,
SAGAN,Françoise,The women’s room,24,,
SALMONA,Muriel,They/Them/Their – A guide to Nonbinary & Genderqueer Identities,15,,
SALVAYRE,Lydie,Thomas et la jupe,24,,
"SANCHEZ-MAZAS
LICATA","Margarita
Laurent",Théoda,16,,
SAPIENZA,Goliarda,TITRE,24,,
SAPPHIRE,,TITRE ,24,,
SASTRE,Peggy,Tous des oiseaux,18,,asexualité
SATRAPI,Marjane,Tous les hommes sont mortels,7,2,
SCHAFFAUSER,Thierry,Tout ce que reflète la nacre,4,2,
SCHOENI,Céline,Tout va bien se passer,5,,
SCHÖNIG,Karin,Toute une histoire,30,,
SCHÖPF,Elfie,Traits intimes,27,,
SCHWARZ-BART,Simone,Tranarchy,24,,
SCHWARZENBACH,Annemarie,Transgender Warrior (I),24,,
SCHWARZENBACH,Annemarie,Transsexualité et privilèges masculins : Fictions ou réalité ?,24,,
SCHWARZENBACH,Annemarie,Transsexuels incroyables,24,,
SCHWARZENBACH,Annemarie,Travail feminin : retour a l’ordre !,24,,
SCORDIA,Manu,Travail professionnel de la mère et vie familiale,13,,
SCOTT,Ann,Travailleuses – Combat pour une libération,24,,
SEIGNE,Aude,Traverser une crise,24,,
SENARCLENS,Coline de.,Trois femmes puissantes,15,2,
SERANO,Julia,Trop crépues ?,2,,
SERANO,Julia,Trop de bonheur,2,2,
SHAFAK,Elif,Trop n’est pas assez,24,2,
SHAFAK,Elif,Trouble dans le genre,24,,
SHAFAK,Elif,Trouble dans le genre – Le féminisme et la subversion de l’identité,24,,
SHAFAK,Elif,Troubles dans le consentement / Du désir partagé au viol : ouvrir la boite noire des relations sexuelles,24,,
SHIHAB NYE,Naomi,Tu ressembles à une juive,41,,
SIMPLICE,Sandwidi T.,Tu vois le genre ? Débats féministes contemporains,16,,
SIMPLICE,Sandwidi T.,"Un ange à ma table – Ma terre, mon île, vol. I",16,,
"SKALOVA
ABADIE","Marina
Nadège",Un appartement sur Uranus,29,,
SKEGGS,Beverley,Un autre monde,38,,
SLIMANI,Leila,Un autre pays,16,,
SLIMANI,Leila,Un autre regard 2,24,2,
SMÉRALDA,Juliette,Un autre regard – Trucs en vrac pour voir les choses autrement,20,,
SMITH,Zadie,Un billet d’avion pour l’Afrique,24,,
SOHN,Lili,Un billet d’avion pour l’Afrique,30,,
SOHN,Lili,Un don,30,,
SOLINT,Rebecca,Un dossier de 1974. un dossier de 1997,37,,
SOM,Bishak,Un féminisme décolonial,2,A CONSULTER SUR PLACE,
SOMA,Revue,Un mariage américain,23,,
SOMERS,Armonia,Un père comme tant d’autres,24,,
"SORLET
SANCHEZ VEGARA","Agathe
Maria Isabel",Un sang d’aquarelle,41,,
SOW FALL,Aminata,"Un seul ennui, les jours raccourcissent",24,,
SPAAK,Marine,Un troussage de domestique,42,,
SPRENGER,Anne-Sylvie,Une autobiographie transsexuelle (avec des vampires),24,,
SQUIRE,David,"Une case en moins - la dépression, Michel-Ange et moi",1,,
STARHAWK,,Une case en plus – Conseils éclairants d’une bipolaire assumée,39,,
STEINER,Anne,Une colère noire – Lettre à mon fils,25,,
STOCKETT,Kathryn,Une femme,24,,
Stop Masculinisme collectif,,Une femme en cavale,37,,
STROMQUIST,Liv,Une femme honorable,42,,
STROMQUIST,Liv,Une femme sans homme c’est comme un poisson sans bicyclette,42,2,
STROMQUIST,Liv,Une femme – La vie de Camille Claudel,42,,
STROMQUIST,Liv,Une lutte sans trêve,42,,
STROMQUIST,Liv,Une mort très douce,42,,
"SUMMERHAWK
McMAHILL
McDONALD","Barbara
Cheiron
Darren","Une paysanne entre ferme, marché et associations – Textes d’Augusta Gillabert-Randin 1918-1940",19,,
SUNDAHL,Deborah,Une si longue lettre,18,,
T’OKUP !,Revue,Une sorcière des temps modernes – Le self-help et le mouvement femmes et santé,13,,
"TAL SCHALLER
RAZANAMAHAY","Christian
Johanne",Une soupe aux herbes sauvages,1,,
"TAMAKI
VALERO-O’CONNELL","Mariko
Rosemary",Une suisse rebelle – Annemarie Schwarzenbach,19,,
TANX,,Une vie de moche,6,,
"TAORMINO
PARRENAS SHIMIZU
PENLEY
MILLER-YOUNG","Tristan
Celine
Constance
Mireille",Unterden Mangroven,18,,
TATAR,Marianne Henri-Charles,Usages de la violence en politique (1950-2000),28,,
TECKENTRUP,Britta,"Vagabondes, voleuses, vicieuses – Adolescentes sous contrôle, de la libération à la libération sexuelle",41,,
TEMPEST,Kae,"Vegan Freak – being vegan in a non-vegan world (version 2.0 : revised, expanded & updated)",24,,
TERKEL,Studs,VELUE,16,,
THALMANN ,Yves.Alexandre,Venus Hottentote,33,,
THE FEMME SHARKS,THE FEMME SHARKS,Verbos espanoles,19,,
THE ICARUS PROJECT,,Verbtabellen Deutsch,14,,
THEVENIN,Patrick,Vergewaltigung : Was nun ? Nutzliche Informationen,19,,
THIÉBAUT,Élise,Vernon Subutex 1,40,,
"THIÉBAUT
MALLE","Élise
Mirion",Vernon Subutex 2,41,,
THIERS-VIDAL,Léo,Vernon Subutex 3,25,2,
THOMAS,Chantal,Vers la majorité politique – Histoire du suffrage féminin,22,,
THUN,Maria,Vers la plus queer des insurrections,1,,
TIBULEAC,Tatiana,"Vertus du polyamour, La magie des amours multiples",24,,
TILMANT,Isabelle,"Viel erreicht – neu herausgefordert
Nombreux sont les acquis – nouveaux sont les défis
Molte conquiste – Avanti verso nuove sfide",40,,
TIMULT,Revue,Vies de mécaniciens,23,9,
TIMULT,Revue,Visage retrouvé,23,,
TIMULT,Revue,"Vitamines, sels minéraux, oligo-éléments – 2ème édition",23,,
TIMULT,Revue,Viviane Elisabeth Fauville,23,2,
TIMULT,Revue,Vivre avec le syndrome d’Asperger,23,,
TINCELIN,Adel,Vivre avec le trouble ,2,,
"TITEUX DE LA CROIX
","Sibylle
Amazing Ameziane",Vivre avec le trouble ,22,,
TOGNI,Carola,Vivre et mentir à Téhéran,"5
27",,
TOLOSA et La Rétroleuse,Eugène-Féerique et la Rétroleuse,Vivre ma vie,2,,
TOMANOVA,Eliska,Vivre près des tilleuls,1,,
TORRACINTA-PACHE,Claire,Voir une femme,27,,
TORRES,Diana J.,Volume 14 – n°4 (1994) / L’affaire Hill-Thomas et l’identité nationale française,18,2,
"TORRES
TORRES","Jenna
Bob",Volume 16-17-18 (1991) / Particularisme & universalisme,26,,
TRANNYFAG,Trannyfag,Volume 21 – n°1 (2002) / NQF change !,19,,
TRAORÉ,Assa,Volume 21 – n°1 (2002) / NQF change !,13,,
"TRAORÉ
DE LAGASNERIE","Assa
Geoffroy",Volume 21 – n°2 (2002) / Garde parentale – Prostitution,13,,
TUAILLON,Victoire,Volume 21 – n°3 (2002) / Les répertoires du masculin,37,,
ULMI,Marianne,Volume 22 – n°1 (2003) / In/discipline : La volonté de faire science ?,27,,
UMWEG,Karlas,Volume 22 – n°2 (2003) / Féminisme et littérature,24,,
UNA,,Volume 22 – n°3 (2003) / À contresens de l’égalité,15,,
VALAT,Pierre-Marie,Volume 23 – n°1 (2004) / Les disciplines en jeu,41,,
VALDES,Zoé,Volume 23 – n°2 (2004) / Postcommunisme : Genre et États en transition,24,,
VALERE,Valérie,Volume 23 – n°3 (2004) / Famille – Travail : une perspective radicale,14,,
VANDE GHISTE,Tiffanie,"Volume 24 – n°1 (2005) / Machine, machin, truc, chose : pour du féminisme avec objets",42,,
VEAUX et RICKERT,Franklin et Eve,Volume 26 – n°2 (2007) / Perspectives féministes en sciences économiques,33,,
VERGÈS,Françoise,Volume 26 – n°3 (2007) / Parité linguistique,20,,
VERNA,Loretta,Volume 27 – n°1 (2008) / A qui appartiennent nos corps ? Féminisme et luttes intersexes,24,,
VIDAL,Jean-Paul,Volume 27 – n°2 (2008) / L’ambivalence du travail : entre exploitation et émancipation,17,,
VIDAL,Aude,Volume 27 – n°2 (2008) / L’ambivalence du travail : entre exploitation et émancipation,25,,
VIGARELLO,Georges,Volume 28 – n°2 (2009) / Le droit à l’épreuve du genre : les lois du genre (I),6,,
"VILLENEUVE
RAMBAUD","Angélique
Eugénie",Volume 28 – n°3 (2009) / Théories anglophones du genre,10,,
"VILLIEU
SARFATI","Valérie
Raphaël",Volume 29 – n°1 (2010) / Quand les mouvements féministes font (avec) la loi : les lois du genre (II),14,,
VILLIGER,Carole,Volume 29 – n°2 (2010) / Perspectives féministes en éducation,27,,
VOGEL,A.,Volume 29 – n°3 (2010) / La sexualité des femmes : le plaisir contraint,1,,
VON FRANZ,Marie Louise,Volume 29 – n°3 (2010) / La sexualité des femmes : le plaisir contraint,39,,
VONARBURG,Bruno,Volume 30 – n°1 (2011) / La production d’enfants,1,,
VUILLE,Marilène,Volume 30 – n°2 (2011) / Amies,40,,
WALKER,Alice,Volume 31 – n°1 (2012) / Homophobie,24,,
WALKER,Alice,Volume 31 – n°2 (2012) / Métiers de service,24,,
WANG,Jackie,Volume 32 – n°1 (2013) / Violences contre les femmes,19,,
WASSERSTEIN,Wendy,Volume 36 – n°1 (2017) / Nouvelles formes de militantisme féministe (I),10,,
WATERS,Sarah,Volume 37 – n°1 (2018) / Solidarités familiales ?,24,,
WATERS,Sarah,Von Muttis und Emanzen – Feministinnen in Ost- und Westdeutschland,24,2,
"WEI 
HEBING","Bai
Dai",Vorace,1,,
WEIL,Simone,Voyage au clair de lune,24,,
WING,Adrien Katherine,WahnsinnsFrauen,20,,
WINTERSON,Jeanette,What happens when white people change,24,,
WINTERSON,Jeanette,Why I’m no longer talking to white people about race,24/19,,
"WITTER
WELYER-LANG","Laurette
Daniel",Wie Die Freiheit zu den Frauen kam,5,,
WITTIG,Monique,"Wild embers – poems of rebellion, fire and beauty",19,,
WOHMANN ,Gabriele,Witchcraft and the gay counterculture,10,,
WOOLF,Virginia,Woman of color and feminism,24,,
WOOLF,Virginia,Women artists – femmes artistes du XXe et XXIe siècles,24,,
WOOLF,Virginia,You and your gender identity – A guide to discovery,24,,
WOOLF,Virginia,"Your native land, your life",24,,
www.incontroliberazioneanimale.net,,Z – Plantes et ovaires,26,,
"X
Toniv","Chloe
Gina",ZAMI une nouvelle façon d’écrire mon nom,6,,
XENAKIS,Mâkhi,Zeida,14,,
YAGUELLO,Marina,Zéro positif,31,,
YALOM et DONOVAN BROWN,Marilyn et Theresa,« Grosse et bête » l’histoire de ma vie,33,,
YAMAJI,Ebine,« gros » n’est pas un gros mot – chroniques d’une discrimination ordinaire,19,,
YAMAJI,Ebine,« Les homosexuels sont un danger absolu »,19,,
YAMAJI,Ebine,À propos de violences sexuelles et d’exclusions,19,,
"YAN
HASKI","Ma
Pierre",À quoi ça sert ?,41,,
YAZBEK,Samar,À volonté – Tu t’es vue quand tu manges ?,36,,
YIMU,Liao,"Ça ne valait pas la peine, mais ça valait le coup : 26 lettres contre la prison",13,,
YOUNG,Eris,ça va merveilleusement bien,2,,
Z ,Revue,"Éclats de liberté / La lutte contre la construction d’un nouveau centre fermé pour clandestins à Steenokkerzell (Belgique, 2009-2010)",23,,
Z’GRAGGEN,Yvette,Écoles anarchistes au Brésil (1889-1920),22,,
Z’GRAGGEN,Yvette,Écoute la ville tomber,24,,
"ZACCOUR (dir.)
LESSARD (dir.)
ALEXANDRE
AWADA
BOISCLAIR
CHAMPAGNE
CHABOT
CASSELOT
DESAULNIERS
DUSSAULT FRENETTE
HAMELIN
HAMROUNI
HEQUET
FALARDEAU
GENEST
JAQUET
LABARRE
LANGEVIN
LAMOUREUX
LARIVIÈRE
LARIVIÈRE
LEFEBVRE
LUSSIER
MAVRIKAKIS
PARÉ
PODMORE
RHEAULT
RICCI
ROBERT
ROUSSEL
SURPRENANTE
TOURMENTE
WONG
ZACCOUR","Suzanne
Michaël
Dorothy
Dalila
Isabelle
Sarah R.
Catherine
Marie-Anne
Élise
Catherine
Marilyse
Naïma
Céline
Audrey-Maude
Rosalie
Caroline
Sarah
Louise
Diane
Louise-Laurence
Widia
Annick
Judith
Catherine
Florence Ashley
Julie
Marie-Michèle
Sandrine
Camille
Marie-Eve
Annelyne
MamZell
Cathy
Suzanne",Édouard Claparède : À quoi sert l’éducation ?,31,,
ZAHAVI,Helen,Éducation populaire & féminismes : Récit d’un combat (trop) ordinaire,24,2 (1 Presses pocket et 1 Phebus Libretto),
ZAINO,Assia,"Égologie, individualisme et course au bonheur",13,,
ZEILINGER,Irène,Électrocuter une éléphante,15,,
ZEILINGER,Julie,"Éléni, ou personne",28,,
ZERO CALCARE,,Épanouie avec ou sans enfant,36,,
ZYLBERBERG-HOCQUARD,Marie-Hélène,Épousailles,5,,
,,Être un peuple en diaspora,22,,
,,,29,,